dteday,season,yr,mnth,holiday,weekday,workingday,weathersit,temp,atemp,hum,windspeed,casual,registered,cnt
2011-01-01,4,0,11,0,0,1,2,0.9237,0.8859,0.3563,0.6743,2938,5591,1584
2011-01-02,4,0,12,0,2,1,2,0.322,0.8431,0.0706,0.2592,1249,2479,2598
2011-01-03,1,1,10,0,1,0,1,0.9255,0.9391,0.2541,0.0381,1528,924,7863
2011-01-04,2,0,7,1,0,0,2,0.8049,0.5255,0.6971,0.8449,3374,5525,5185
2011-01-05,4,0,12,0,5,0,1,0.7333,0.7428,0.918,0.258,1285,2208,3648
2011-01-06,4,0,9,0,1,1,2,0.9698,0.5553,0.6283,0.0684,1515,4558,8475
2011-01-07,4,0,10,0,4,1,1,0.3382,0.7763,0.769,0.7314,1715,4584,5855
2011-01-08,4,1,5,0,0,0,2,0.9173,0.7638,0.0141,0.3672,2640,595,7406
2011-01-09,1,0,3,0,6,1,1,0.1164,0.7584,0.7601,0.49,2501,251,4106
2011-01-10,1,1,7,0,6,0,2,0.4885,0.4284,0.8355,0.8371,3339,5701,1442
2011-01-11,2,1,5,1,2,1,1,0.561,0.7963,0.4127,0.4086,2168,407,6386
2011-01-12,3,0,5,0,3,1,3,0.1404,0.8765,0.4939,0.057,3252,2318,7118
2011-01-13,2,1,9,0,4,0,1,0.7426,0.6363,0.0524,0.5875,2085,5298,5100
2011-01-14,2,0,8,0,4,0,2,0.4857,0.4547,0.1746,0.604,1836,1250,3784
2011-01-15,2,1,4,0,0,0,2,0.4664,0.8532,0.0565,0.1651,1902,3637,1087
2011-01-16,3,0,3,0,6,0,1,0.5898,0.7785,0.7314,0.4636,1638,820,2157
2011-01-17,4,1,7,0,6,0,2,0.152,0.4696,0.7999,0.3138,686,3881,8059
2011-01-18,4,1,4,0,3,0,3,0.216,0.5799,0.1087,0.0424,1250,4961,1485
2011-01-19,1,0,3,0,3,1,2,0.1971,0.6858,0.9216,0.2649,2062,1743,5759
2011-01-20,1,0,3,0,1,1,3,0.9529,0.6883,0.8395,0.7731,2067,1971,5786
2011-01-21,2,0,8,0,5,0,1,0.7777,0.311,0.5763,0.2552,542,3703,4125
2011-01-22,3,1,5,0,3,1,3,0.5386,0.2927,0.9783,0.1896,2740,5500,8685
2011-01-23,1,0,5,0,1,0,3,0.6663,0.8873,0.8825,0.7998,2431,3794,5903
2011-01-24,3,1,2,0,2,0,2,0.657,0.937,0.2226,0.325,1791,4878,8424
2011-01-25,3,0,1,0,0,0,2,0.2771,0.4021,0.954,0.7995,1543,2885,2289
2011-01-26,3,0,9,0,5,1,2,0.1049,0.9134,0.443,0.7482,1902,911,6460
2011-01-27,4,0,12,0,0,0,2,0.5638,0.4707,0.1549,0.3999,1983,6699,6705
2011-01-28,3,0,4,0,3,0,2,0.2778,0.1672,0.2001,0.3272,1460,5535,8008
2011-01-29,3,1,11,0,5,0,1,0.876,0.7329,0.6842,0.1171,2942,361,3596
2011-01-30,2,1,8,0,0,1,2,0.2513,0.0459,0.9876,0.162,541,1931,2910
2011-01-31,3,1,4,0,1,1,1,0.5814,0.1139,0.4453,0.1976,1273,2893,7019
2011-02-01,2,1,7,0,5,0,2,0.4317,0.941,0.5731,0.3998,1357,584,6271
2011-02-02,1,0,2,0,5,0,2,0.748,0.5176,0.3002,0.3163,341,5958,2404
2011-02-03,1,1,5,0,0,0,1,0.9517,0.2664,0.8455,0.6803,305,1216,2668
2011-02-04,3,1,9,0,1,0,1,0.4233,0.4804,0.1152,0.2522,3039,1448,6891
2011-02-05,3,0,11,0,4,1,1,0.0635,0.5782,0.5822,0.3608,2641,2213,4972
2011-02-06,2,1,3,0,3,0,2,0.6682,0.6389,0.5862,0.1043,1245,6495,7902
2011-02-07,3,1,11,0,3,0,1,0.1466,0.3482,0.0011,0.2305,908,1584,5502
2011-02-08,2,0,8,0,1,0,1,0.1224,0.3874,0.9406,0.6656,1387,2966,8547
2011-02-09,2,1,3,0,3,1,1,0.6683,0.5498,0.9743,0.601,2404,4745,2867
2011-02-10,3,1,10,0,0,1,1,0.1208,0.6267,0.4675,0.3419,1010,1104,6773
2011-02-11,2,0,11,0,6,1,1,0.1462,0.9214,0.7256,0.4909,228,636,1674
2011-02-12,4,1,4,0,3,1,1,0.4503,0.3923,0.8487,0.3896,1433,664,6141
2011-02-13,3,0,2,0,2,1,2,0.4633,0.8747,0.1167,0.7609,2042,1292,3651
2011-02-14,3,1,4,0,2,1,2,0.9154,0.9932,0.0846,0.3355,1777,2285,4541
2011-02-15,3,0,10,0,2,0,3,0.2906,0.339,0.6893,0.6138,589,6535,7042
2011-02-16,3,1,1,0,3,1,1,0.4129,0.0273,0.5595,0.1857,2876,6390,941
2011-02-17,4,1,4,0,1,1,1,0.7134,0.6044,0.6794,0.369,2154,3962,1965
2011-02-18,2,0,4,0,4,0,1,0.8305,0.9036,0.572,0.4499,2456,6524,4888
2011-02-19,4,0,1,0,1,0,2,0.3621,0.0534,0.7264,0.0889,3265,220,3622
2011-02-20,1,0,8,0,2,1,1,0.6385,0.1971,0.1549,0.4993,1751,3921,4917
2011-02-21,3,1,10,0,6,0,1,0.6317,0.6762,0.2156,0.4885,1974,3096,3764
2011-02-22,3,1,2,0,3,0,2,0.3171,0.8097,0.237,0.1349,2605,838,584
2011-02-23,1,1,11,0,6,1,1,0.1362,0.0866,0.4165,0.8489,2639,3850,8161
2011-02-24,3,0,12,0,4,1,2,0.6889,0.3637,0.7596,0.0786,2891,3182,6024
2011-02-25,1,1,11,0,5,0,2,0.2827,0.2387,0.8314,0.761,2402,5307,5324
2011-02-26,3,0,9,0,0,1,2,0.3319,0.9649,0.4013,0.4178,200,2913,1316
2011-02-27,3,1,6,0,3,1,1,0.5809,0.6825,0.602,0.1893,1195,2992,1738
2011-02-28,3,0,3,0,2,0,1,0.1776,0.4756,0.2952,0.0959,2020,1620,5207
2011-03-01,3,1,11,0,0,1,2,0.2567,0.8624,0.4758,0.5945,1518,3292,480
2011-03-02,2,0,7,0,0,0,1,0.4572,0.5377,0.9409,0.6413,149,546,4130
2011-03-03,3,1,6,0,1,1,1,0.8809,0.9113,0.2693,0.5724,913,3942,7751
2011-03-04,1,0,5,0,0,0,1,0.7768,0.2388,0.7879,0.3569,1052,2662,7627
2011-03-05,4,1,3,0,3,1,1,0.3312,0.0273,0.0422,0.1467,125,1915,4496
2011-03-06,1,1,5,0,0,0,1,0.316,0.4287,0.3452,0.6711,2600,2595,2040
2011-03-07,1,0,10,0,5,1,2,0.9876,0.2043,0.6588,0.7405,1290,6197,664
2011-03-08,3,1,7,0,4,0,2,0.6603,0.8357,0.776,0.3331,2698,4895,1510
2011-03-09,1,0,5,0,6,1,1,0.6918,0.5329,0.5922,0.715,2968,5923,2461
2011-03-10,4,0,2,0,0,1,2,0.074,0.2887,0.8692,0.5403,3014,2750,4812
2011-03-11,1,1,5,0,0,0,3,0.1229,0.7736,0.8208,0.4479,3097,2746,6328
2011-03-12,3,0,3,0,6,0,1,0.3086,0.5269,0.6175,0.519,1699,110,4022
2011-03-13,4,0,5,0,2,0,2,0.8452,0.5028,0.3481,0.0916,828,4744,7206
2011-03-14,3,1,2,0,5,1,1,0.9125,0.1808,0.3637,0.1066,288,158,1423
2011-03-15,3,0,12,0,1,1,3,0.2072,0.9952,0.6151,0.6177,2128,6754,3702
2011-03-16,3,1,3,0,0,1,1,0.7199,0.659,0.6566,0.8245,434,4781,5356
2011-03-17,3,0,2,0,3,1,1,0.8767,0.8548,0.3946,0.4316,824,3244,490
2011-03-18,1,1,8,0,4,0,3,0.8813,0.7597,0.3975,0.0459,834,4596,7895
2011-03-19,2,1,5,0,0,1,2,0.4696,0.5029,0.1768,0.0579,934,6902,8671
2011-03-20,1,1,12,0,0,0,1,0.2736,0.0097,0.0003,0.3973,1270,1130,6456
2011-03-21,1,0,5,0,1,0,2,0.9572,0.6667,0.4615,0.559,1131,5186,6131
2011-03-22,1,0,8,0,0,0,3,0.2911,0.1007,0.8308,0.1316,1796,6019,1843
2011-03-23,3,0,11,0,6,0,2,0.2676,0.9615,0.7665,0.0281,3264,4081,1611
2011-03-24,4,1,12,0,6,0,1,0.2216,0.2493,0.9939,0.62,2203,4609,2094
2011-03-25,3,0,10,0,0,0,1,0.5419,0.3673,0.6694,0.1242,2306,3524,1195
2011-03-26,1,1,7,0,3,0,3,0.125,0.5516,0.2339,0.3725,555,1086,4868
2011-03-27,3,0,10,0,2,0,1,0.5793,0.5026,0.6773,0.624,391,6814,8342
2011-03-28,3,1,4,0,0,0,1,0.9448,0.6551,0.8285,0.1065,646,2012,5910
2011-03-29,4,1,11,0,4,1,1,0.5149,0.7834,0.641,0.3763,2893,2690,7682
2011-03-30,2,1,11,0,5,0,1,0.966,0.7576,0.4817,0.0947,591,6763,8531
2011-03-31,2,0,5,0,4,1,2,0.9076,0.9081,0.6185,0.2954,3355,412,5777
2011-04-01,3,0,1,0,6,1,1,0.7965,0.4699,0.0258,0.7756,2574,2844,933
2011-04-02,3,0,9,0,4,0,1,0.6159,0.5342,0.2651,0.5832,2827,3870,8109
2011-04-03,1,0,2,0,3,1,1,0.8831,0.8741,0.1577,0.0196,1031,1659,4770
2011-04-04,3,0,1,0,6,0,1,0.5639,0.2823,0.4134,0.1143,534,4660,4779
2011-04-05,4,1,12,0,4,0,1,0.2231,0.2459,0.893,0.2497,570,3650,8604
2011-04-06,1,1,7,0,5,1,1,0.9267,0.0091,0.1879,0.7612,2925,1835,5966
2011-04-07,2,0,8,0,5,1,2,0.5121,0.7385,0.071,0.635,1472,1443,985
2011-04-08,3,1,11,0,0,1,1,0.9096,0.6876,0.7769,0.5249,1396,2005,6670
2011-04-09,4,1,12,0,5,1,1,0.4053,0.2767,0.8679,0.1297,845,5503,8475
2011-04-10,4,1,12,0,5,0,2,0.349,0.1299,0.5314,0.7895,1216,3627,2086
2011-04-11,3,0,2,0,3,0,2,0.7707,0.0425,0.3766,0.6869,1260,5521,4039
2011-04-12,3,0,4,0,3,1,2,0.6418,0.4879,0.4305,0.2035,2556,4995,923
2011-04-13,2,1,10,0,5,0,3,0.4509,0.1935,0.659,0.3437,2810,5566,6257
2011-04-14,2,1,1,0,0,0,1,0.881,0.7934,0.8313,0.3641,1593,5942,1264
2011-04-15,3,1,3,0,3,0,1,0.5262,0.95,0.1894,0.4994,1139,4295,3718
2011-04-16,3,1,7,0,5,0,1,0.0325,0.7769,0.9023,0.3186,1541,2515,5678
2011-04-17,3,0,5,0,1,0,1,0.6993,0.8516,0.6574,0.1785,597,4826,7332
2011-04-18,4,1,3,0,1,0,3,0.0819,0.9908,0.7383,0.5669,235,6561,2799
2011-04-19,1,0,11,0,0,1,2,0.4915,0.7408,0.0869,0.5759,794,2246,7918
2011-04-20,4,0,6,0,2,0,2,0.2082,0.5673,0.9183,0.376,85,3397,232
2011-04-21,3,1,5,0,2,1,3,0.2571,0.81,0.5282,0.4137,119,6107,1470
2011-04-22,3,0,8,0,6,1,3,0.9802,0.5639,0.3621,0.0431,814,4156,1054
2011-04-23,3,0,9,0,0,1,1,0.1312,0.4325,0.3989,0.3877,3073,1018,6517
2011-04-24,3,0,6,1,4,1,3,0.7626,0.0325,0.293,0.6803,633,2447,3166
2011-04-25,3,0,11,0,0,0,1,0.6447,0.643,0.163,0.5028,2377,1782,202
2011-04-26,2,0,4,0,5,1,1,0.2111,0.8975,0.0347,0.7826,503,3326,6872
2011-04-27,3,1,11,0,3,1,2,0.9366,0.6932,0.2644,0.609,1581,6895,2428
2011-04-28,2,1,11,0,2,1,3,0.2174,0.4041,0.4966,0.661,2070,5833,5951
2011-04-29,3,0,1,0,6,0,2,0.5253,0.6169,0.6668,0.3897,1913,6671,4822
2011-04-30,3,0,10,0,5,1,1,0.7947,0.813,0.7333,0.1474,2727,5155,991
2011-05-01,2,1,2,0,0,0,3,0.7683,0.7642,0.5956,0.7754,867,3535,5265
2011-05-02,4,1,6,0,1,0,2,0.3333,0.4912,0.1161,0.5603,2533,4590,7506
2011-05-03,2,0,12,0,1,0,2,0.8425,0.3617,0.4315,0.7731,1377,3476,3196
2011-05-04,3,0,3,0,4,1,1,0.9629,0.3969,0.6674,0.5249,1519,304,7266
2011-05-05,2,0,7,0,5,1,1,0.4845,0.9079,0.7432,0.3863,1091,829,2372
2011-05-06,1,0,10,0,4,1,1,0.6593,0.1699,0.3245,0.1145,3399,3862,2481
2011-05-07,3,0,6,1,2,1,3,0.3772,0.863,0.9284,0.338,2812,4588,1513
2011-05-08,4,0,1,0,5,1,3,0.367,0.1953,0.7954,0.5079,1579,1776,1861
2011-05-09,2,1,1,0,5,1,1,0.4803,0.9809,0.8517,0.7911,2535,234,2105
2011-05-10,1,1,7,0,0,0,1,0.2132,0.4483,0.6665,0.7049,3122,503,5668
2011-05-11,1,1,1,0,3,1,1,0.6956,0.7334,0.4138,0.4362,969,2197,1153
2011-05-12,2,1,1,0,4,1,2,0.1823,0.7294,0.9342,0.3808,1113,5984,4754
2011-05-13,4,0,12,0,4,0,2,0.0251,0.7725,0.9014,0.0283,2599,2917,2292
2011-05-14,3,1,7,0,1,1,2,0.4507,0.7894,0.8285,0.2985,969,6761,1297
2011-05-15,1,0,6,0,1,0,1,0.0949,0.0391,0.8911,0.8341,322,6211,7160
2011-05-16,4,0,2,0,2,1,1,0.5712,0.2733,0.9166,0.6299,2030,5964,4715
2011-05-17,1,1,10,0,2,1,3,0.53,0.2297,0.7464,0.446,692,6727,2521
2011-05-18,3,1,7,0,6,0,2,0.1545,0.6986,0.2003,0.733,2001,1696,5572
2011-05-19,4,1,3,0,4,1,1,0.2611,0.6833,0.5385,0.0196,364,6765,7911
2011-05-20,4,1,10,0,5,0,1,0.044,0.297,0.616,0.814,1632,6418,2479
2011-05-21,3,0,3,0,0,1,1,0.6021,0.7935,0.7734,0.5947,813,5552,2153
2011-05-22,2,1,7,0,5,0,1,0.307,0.3116,0.4951,0.0113,1803,1353,5955
2011-05-23,4,0,7,0,1,0,1,0.7187,0.3429,0.5129,0.5997,772,2028,4298
2011-05-24,2,0,4,0,3,0,2,0.6372,0.3989,0.9956,0.0707,858,4538,5877
2011-05-25,2,0,11,0,2,1,1,0.3861,0.7446,0.4522,0.5437,3071,334,1478
2011-05-26,3,1,9,0,6,0,1,0.0413,0.0118,0.13,0.2558,3348,5710,8131
2011-05-27,3,1,4,0,4,0,2,0.3338,0.9065,0.7097,0.1803,1117,2967,170
2011-05-28,1,0,2,0,3,1,1,0.3384,0.6921,0.3625,0.5339,2202,170,2401
2011-05-29,4,1,4,0,3,0,2,0.3461,0.5866,0.2485,0.3689,1212,2079,5459
2011-05-30,4,1,6,0,4,1,3,0.9544,0.2373,0.6285,0.0548,582,2756,4544
2011-05-31,2,1,7,0,5,0,1,0.1813,0.7855,0.9544,0.699,341,4557,2957
2011-06-01,1,1,5,0,4,0,2,0.2847,0.8728,0.3128,0.2262,3036,4191,8512
2011-06-02,1,1,1,0,5,0,1,0.8358,0.5015,0.3723,0.5255,226,2589,3021
2011-06-03,2,0,9,0,5,0,1,0.9267,0.2925,0.4655,0.518,1678,4309,5918
2011-06-04,1,0,5,0,0,1,1,0.4789,0.3806,0.688,0.0477,749,6189,3566
2011-06-05,4,0,5,0,2,0,2,0.5492,0.4163,0.3959,0.8477,2593,2445,3850
2011-06-06,4,1,7,0,6,1,1,0.0718,0.3059,0.4251,0.3805,460,2610,6782
2011-06-07,4,0,11,0,2,1,2,0.8119,0.7122,0.7009,0.1746,1967,723,3100
2011-06-08,2,1,1,0,5,0,1,0.6027,0.3422,0.9851,0.3712,1176,2638,3496
2011-06-09,3,0,12,0,3,0,2,0.4894,0.8212,0.3165,0.5126,1777,1987,6818
2011-06-10,2,0,8,0,1,0,1,0.3165,0.4637,0.5853,0.0026,636,5277,773
2011-06-11,2,0,7,0,2,0,1,0.4549,0.629,0.7944,0.2551,400,803,3779
2011-06-12,3,1,1,0,3,1,2,0.7406,0.948,0.2121,0.4559,609,4106,2444
2011-06-13,1,1,9,0,0,1,1,0.0992,0.4461,0.8183,0.5903,1966,5368,4214
2011-06-14,4,0,9,1,2,0,1,0.5167,0.1703,0.3549,0.2663,2208,1788,5029
2011-06-15,1,0,7,0,4,1,2,0.0539,0.5499,0.111,0.3433,3084,488,3751
2011-06-16,2,1,10,0,6,0,2,0.7768,0.4967,0.0249,0.188,3212,4706,8657
2011-06-17,1,0,11,0,6,0,2,0.2268,0.7826,0.0331,0.2491,2566,4094,7955
2011-06-18,3,1,11,1,2,0,1,0.9053,0.8602,0.7976,0.5843,44,3919,1266
2011-06-19,3,0,4,0,5,0,1,0.4866,0.7126,0.6749,0.2867,2399,6112,5613
2011-06-20,4,1,9,0,2,1,1,0.4681,0.9715,0.7935,0.2377,2406,740,2833
2011-06-21,2,1,1,0,5,0,1,0.3731,0.2692,0.7529,0.2538,2408,1389,6236
2011-06-22,1,0,7,0,6,1,1,0.526,0.2392,0.381,0.5207,2248,3256,4242
2011-06-23,1,0,2,0,3,1,1,0.3513,0.2913,0.933,0.4767,2345,3913,8310
2011-06-24,3,1,4,0,4,0,1,0.3727,0.6709,0.8779,0.3459,1995,6382,8232
2011-06-25,4,1,9,0,6,1,2,0.2117,0.2325,0.3484,0.5375,2113,4304,514
2011-06-26,1,0,6,0,0,1,1,0.3583,0.0884,0.7729,0.5464,2361,1486,964
2011-06-27,4,0,11,0,1,1,1,0.8155,0.9777,0.8197,0.0111,150,5920,220
2011-06-28,2,0,2,0,4,1,1,0.2608,0.3146,0.4885,0.2882,1735,2891,6921
2011-06-29,4,0,12,0,1,1,1,0.8248,0.2224,0.1204,0.2076,437,6033,2009
2011-06-30,1,1,9,0,5,0,2,0.8641,0.3587,0.3341,0.7048,3160,1931,6305
2011-07-01,4,1,6,0,1,0,1,0.673,0.1584,0.9888,0.2341,3375,5501,2910
2011-07-02,2,0,1,0,2,1,1,0.0501,0.0358,0.7159,0.2697,541,3738,2685
2011-07-03,2,0,1,0,5,0,3,0.5698,0.3054,0.7747,0.4571,3040,3868,5273
2011-07-04,1,1,5,0,3,0,1,0.8365,0.3379,0.9119,0.4653,1615,6773,6747
2011-07-05,1,1,7,0,5,1,1,0.3785,0.811,0.2028,0.6893,2293,1088,4946
2011-07-06,4,0,7,0,4,1,2,0.2972,0.4356,0.9684,0.3297,2227,2166,5018
2011-07-07,1,0,4,0,3,1,2,0.3349,0.7368,0.5181,0.239,402,1287,6424
2011-07-08,2,1,8,0,3,1,3,0.4346,0.7357,0.7447,0.517,3098,5788,1511
2011-07-09,4,1,8,0,5,0,3,0.0888,0.789,0.3182,0.619,2185,5910,5167
2011-07-10,2,1,5,0,6,0,2,0.2529,0.9185,0.3294,0.8437,1663,5826,2505
2011-07-11,4,1,4,0,0,1,1,0.654,0.4986,0.3596,0.5256,2097,1669,1368
2011-07-12,3,0,6,0,3,1,2,0.483,0.104,0.3481,0.4171,3331,1816,2875
2011-07-13,4,1,9,0,5,1,1,0.2624,0.0387,0.0625,0.1131,2208,2805,1694
2011-07-14,4,1,8,0,4,1,2,0.9323,0.1869,0.3096,0.8389,2239,5371,2829
2011-07-15,1,0,2,1,3,0,3,0.3096,0.8292,0.6474,0.5822,2989,5223,226
2011-07-16,2,0,12,0,5,0,1,0.1467,0.5743,0.902,0.1403,2384,6863,6509
2011-07-17,2,0,3,0,3,1,3,0.2154,0.1401,0.0417,0.3907,489,5452,3049
2011-07-18,1,1,9,0,0,1,2,0.3107,0.1326,0.0166,0.4763,2790,6627,5761
2011-07-19,1,1,1,0,1,1,1,0.5321,0.8915,0.5924,0.1843,3068,1863,6535
2011-07-20,1,1,4,0,0,1,3,0.085,0.52,0.6997,0.6226,2503,4215,7148
2011-07-21,4,0,7,0,4,0,2,0.8578,0.1719,0.6082,0.5528,521,3711,698
2011-07-22,4,1,11,0,6,1,1,0.8799,0.8967,0.973,0.1987,1783,1070,4461
2011-07-23,3,0,7,0,2,0,2,0.332,0.7207,0.2289,0.8413,186,6579,3644
2011-07-24,4,1,1,0,5,1,1,0.7798,0.4778,0.4812,0.8064,2635,846,3068
2011-07-25,2,0,12,0,6,0,1,0.6077,0.4651,0.9159,0.2257,3264,5940,7033
2011-07-26,2,1,4,0,2,0,2,0.8485,0.6727,0.6175,0.3755,123,1868,610
2011-07-27,4,1,5,0,6,1,3,0.2914,0.3383,0.5771,0.7606,373,1554,2717
2011-07-28,1,1,2,0,0,0,2,0.618,0.9999,0.9328,0.3454,3180,4184,6926
2011-07-29,1,1,9,0,4,0,3,0.0912,0.7846,0.3389,0.8116,2727,3257,3452
2011-07-30,3,1,6,0,1,0,3,0.0293,0.641,0.1572,0.1703,2807,2694,671
2011-07-31,2,0,3,0,5,1,1,0.8772,0.6875,0.1292,0.6154,712,6276,1530
2011-08-01,3,0,8,0,0,1,2,0.3087,0.9961,0.8219,0.5096,2175,4861,2642
2011-08-02,3,1,3,0,5,1,2,0.4565,0.0108,0.8569,0.2943,2826,4237,2178
2011-08-03,2,0,7,0,2,1,1,0.2471,0.0228,0.2339,0.6101,236,5476,5835
2011-08-04,1,1,8,0,1,1,1,0.8793,0.785,0.4571,0.0206,968,5583,1511
2011-08-05,1,1,10,0,3,1,2,0.3968,0.2094,0.5849,0.1962,1007,1269,6664
2011-08-06,2,1,9,0,6,0,3,0.1955,0.6852,0.139,0.2221,1847,3076,2730
2011-08-07,2,0,7,0,1,0,3,0.6158,0.5033,0.8488,0.0998,866,6290,617
2011-08-08,1,1,1,0,2,1,2,0.2214,0.3187,0.4189,0.0289,1167,5660,120
2011-08-09,3,0,3,0,4,1,2,0.2755,0.2313,0.8635,0.3,877,439,5303
2011-08-10,4,0,7,0,0,1,2,0.6793,0.7767,0.7601,0.1855,218,1725,6409
2011-08-11,4,1,7,0,6,1,3,0.96,0.171,0.295,0.1129,2292,1854,1214
2011-08-12,1,0,7,0,3,0,2,0.7597,0.1587,0.7166,0.1337,2178,3575,2707
2011-08-13,1,1,9,1,6,1,3,0.1417,0.4419,0.7407,0.7023,2987,5663,6603
2011-08-14,2,1,11,0,2,1,4,0.3263,0.1193,0.3113,0.0807,1965,3365,7564
2011-08-15,4,0,7,0,5,1,1,0.8004,0.6415,0.2537,0.6161,2324,1292,6365
2011-08-16,3,0,2,0,2,1,3,0.2896,0.992,0.8234,0.0459,1226,3880,5390
2011-08-17,2,0,6,0,3,0,2,0.7453,0.7479,0.6779,0.0345,1326,1544,6524
2011-08-18,4,0,4,0,2,0,1,0.4824,0.6032,0.7396,0.3759,1407,4716,2603
2011-08-19,3,0,7,0,3,0,1,0.8867,0.3946,0.3131,0.3246,3305,6777,576
2011-08-20,4,1,8,0,1,0,2,0.372,0.988,0.7222,0.4639,1612,4399,4926
2011-08-21,4,0,7,0,3,0,1,0.9359,0.8799,0.7143,0.5972,2941,6339,4884
2011-08-22,4,1,7,0,5,1,1,0.4193,0.8206,0.3333,0.2633,1094,3790,7003
2011-08-23,3,0,4,0,1,0,2,0.7317,0.23,0.2705,0.1652,2337,5649,2115
2011-08-24,2,0,3,0,5,0,1,0.2113,0.1236,0.4314,0.6988,936,6531,7749
2011-08-25,1,1,11,0,5,0,1,0.5402,0.1779,0.7391,0.1405,1356,1223,4331
2011-08-26,3,1,5,0,0,0,2,0.3239,0.2587,0.1936,0.6787,2929,4630,3865
2011-08-27,2,0,3,0,4,1,1,0.0325,0.0817,0.8743,0.4991,2332,1787,8621
2011-08-28,1,1,12,0,3,0,2,0.4485,0.8884,0.2553,0.246,1659,606,4746
2011-08-29,4,1,1,0,4,0,1,0.189,0.1852,0.8396,0.2671,1392,1648,808
2011-08-30,2,0,5,0,2,0,3,0.9594,0.2266,0.1558,0.315,2727,1007,2227
2011-08-31,3,1,9,0,1,0,1,0.8124,0.8882,0.7394,0.5024,530,1329,5185
2011-09-01,4,0,5,0,2,0,2,0.7447,0.9581,0.5614,0.8327,2894,66,2023
2011-09-02,2,0,11,0,1,0,2,0.4643,0.2218,0.6615,0.2705,2110,6741,1456
2011-09-03,4,1,5,0,2,0,3,0.2739,0.2942,0.9741,0.8006,1123,3069,2600
2011-09-04,3,1,8,0,6,1,2,0.3379,0.8001,0.0526,0.1744,2381,1169,4455
2011-09-05,3,1,6,0,5,0,2,0.2203,0.9703,0.1491,0.096,3379,2397,828
2011-09-06,2,0,6,0,1,1,1,0.5609,0.6497,0.0791,0.4523,1192,5191,4549
2011-09-07,4,0,6,0,3,0,2,0.8151,0.4426,0.5196,0.83,1341,4397,6342
2011-09-08,1,1,12,0,0,0,2,0.2037,0.6746,0.8028,0.4121,3169,373,3987
2011-09-09,3,0,10,0,0,1,2,0.0245,0.7803,0.0548,0.6799,1175,1044,6054
2011-09-10,4,1,5,0,4,1,1,0.1431,0.1127,0.7794,0.4017,2913,3786,5581
2011-09-11,1,1,5,0,2,0,2,0.4717,0.4353,0.4331,0.7225,3068,6737,4335
2011-09-12,2,1,5,0,4,1,1,0.0382,0.8573,0.9414,0.6908,1988,510,8489
2011-09-13,3,1,9,0,1,1,2,0.4152,0.7054,0.3827,0.5833,281,5992,5338
2011-09-14,2,0,8,0,0,1,2,0.1289,0.1538,0.9846,0.5231,207,447,7020
2011-09-15,1,1,7,0,5,1,1,0.1256,0.7552,0.5565,0.4404,959,3451,5592
2011-09-16,2,0,6,0,1,1,2,0.7184,0.6674,0.99,0.8132,60,1614,8353
2011-09-17,2,0,5,1,0,1,1,0.9995,0.2646,0.6319,0.4738,2601,2952,3769
2011-09-18,4,0,7,1,5,1,2,0.2106,0.344,0.3463,0.2866,2182,6430,1668
2011-09-19,4,1,10,0,4,1,2,0.245,0.3144,0.8034,0.7499,1551,1514,1600
2011-09-20,1,1,12,0,6,1,1,0.3105,0.9932,0.487,0.561,2775,4444,8655
2011-09-21,2,1,1,0,4,1,1,0.7894,0.1837,0.3088,0.4744,456,2327,6963
2011-09-22,1,0,3,0,3,0,2,0.5158,0.8294,0.4783,0.5798,1707,4531,2674
2011-09-23,4,1,9,0,4,0,2,0.5793,0.5306,0.8719,0.2965,1155,400,3912
2011-09-24,2,1,2,0,5,1,1,0.5556,0.8805,0.7323,0.3577,82,2081,318
2011-09-25,4,1,8,0,4,0,1,0.9386,0.9819,0.1738,0.1663,1632,6653,8305
2011-09-26,1,0,6,0,2,0,1,0.0542,0.9611,0.8386,0.7268,495,5031,3813
2011-09-27,3,0,3,0,6,1,2,0.1748,0.8543,0.4314,0.5658,158,6507,3364
2011-09-28,1,0,7,0,4,0,1,0.3945,0.4136,0.0829,0.7006,721,4740,2161
2011-09-29,3,1,7,0,6,0,2,0.4983,0.2713,0.1472,0.2698,665,1303,737
2011-09-30,1,0,9,0,3,1,2,0.1317,0.3195,0.0662,0.8461,2141,3217,6646
2011-10-01,1,0,10,0,3,1,3,0.8953,0.6531,0.6766,0.3036,2704,6100,1958
2011-10-02,1,0,12,0,5,1,4,0.6843,0.3419,0.2576,0.3007,1658,4747,777
2011-10-03,3,0,6,0,4,1,2,0.9336,0.4349,0.0963,0.8165,2187,3623,8527
2011-10-04,3,1,9,0,5,1,2,0.942,0.0797,0.3657,0.5568,350,6025,4785
2011-10-05,3,1,10,0,6,1,2,0.5223,0.771,0.867,0.7934,2682,806,692
2011-10-06,1,0,12,0,1,1,3,0.8559,0.1115,0.6287,0.5297,1711,6671,2537
2011-10-07,2,0,8,0,1,0,2,0.742,0.337,0.4862,0.2095,1462,893,4834
2011-10-08,2,0,3,0,1,1,1,0.3733,0.5904,0.7332,0.3321,2965,6922,1818
2011-10-09,4,0,5,0,4,0,3,0.6642,0.5312,0.0759,0.7301,1071,5592,8627
2011-10-10,3,1,3,0,5,1,1,0.9537,0.8931,0.8828,0.416,1498,3402,7633
2011-10-11,1,0,3,0,6,0,3,0.7687,0.6587,0.1777,0.6026,3157,3318,7720
2011-10-12,1,0,4,0,0,1,1,0.7152,0.789,0.0214,0.1415,512,246,4502
2011-10-13,2,1,6,0,0,0,2,0.2374,0.3034,0.3624,0.3398,1780,2214,8612
2011-10-14,1,1,10,0,4,0,3,0.8345,0.1323,0.0584,0.7135,1971,1607,2850
2011-10-15,2,0,4,0,1,1,2,0.4019,0.7433,0.1671,0.7999,2388,4914,4849
2011-10-16,4,1,3,0,3,0,2,0.6316,0.1536,0.739,0.2757,3169,1383,6507
2011-10-17,1,1,2,0,0,0,1,0.6842,0.8342,0.4047,0.1467,1173,5601,4413
2011-10-18,3,1,3,0,0,0,1,0.5249,0.943,0.0069,0.0199,397,2101,7437
2011-10-19,2,0,6,0,3,1,1,0.1823,0.2829,0.6438,0.1083,1362,5909,924
2011-10-20,3,0,5,0,4,1,2,0.7035,0.761,0.7071,0.7103,535,2516,3864
2011-10-21,3,0,5,0,6,0,1,0.2623,0.4373,0.902,0.3873,2482,5232,7235
2011-10-22,3,0,4,0,3,1,1,0.2801,0.299,0.1546,0.2479,1933,4651,1605
2011-10-23,2,0,6,0,4,0,1,0.1443,0.4311,0.8572,0.6593,2583,6873,3368
2011-10-24,4,1,8,0,6,1,3,0.6275,0.6468,0.7087,0.6744,1160,3660,8664
2011-10-25,2,0,1,0,3,0,3,0.1351,0.9881,0.5636,0.3078,3255,2463,5354
2011-10-26,1,1,11,0,1,0,1,0.3583,0.3,0.2618,0.7662,3054,4520,3142
2011-10-27,1,1,4,0,5,1,3,0.8917,0.7059,0.4578,0.3936,3122,226,3178
2011-10-28,1,0,2,0,0,1,2,0.464,0.3349,0.1983,0.222,2431,6750,1808
2011-10-29,2,0,3,0,1,1,1,0.8966,0.2514,0.7177,0.7648,639,4716,6408
2011-10-30,4,0,7,0,0,1,1,0.5029,0.6318,0.7036,0.13,503,359,919
2011-10-31,1,0,7,0,4,0,3,0.1953,0.7613,0.1915,0.8466,3263,1214,1830
2011-11-01,1,0,2,0,1,1,1,0.7637,0.7174,0.2526,0.5213,2969,119,1098
2011-11-02,3,0,6,0,2,0,1,0.3664,0.9426,0.9011,0.778,3003,4640,6574
2011-11-03,3,1,3,1,4,0,3,0.9671,0.1074,0.4717,0.152,2190,4629,8218
2011-11-04,3,0,11,0,2,1,2,0.2769,0.5407,0.5511,0.3307,2921,1148,779
2011-11-05,1,0,4,0,2,1,2,0.8257,0.2908,0.9586,0.7423,1684,3803,8250
2011-11-06,1,0,12,0,3,1,2,0.504,0.817,0.207,0.7115,554,3411,7986
2011-11-07,2,1,7,0,0,1,2,0.8453,0.062,0.6271,0.7411,876,3363,4436
2011-11-08,3,1,12,0,6,1,1,0.1994,0.1758,0.774,0.2384,2904,4300,343
2011-11-09,3,0,7,0,6,1,2,0.641,0.772,0.3194,0.525,2216,5930,6038
2011-11-10,4,1,2,0,4,1,1,0.1309,0.3546,0.3088,0.3312,3401,6353,4582
2011-11-11,3,1,8,0,0,0,1,0.8094,0.6818,0.8968,0.2727,3064,1120,7259
2011-11-12,2,0,6,0,3,0,3,0.2509,0.9985,0.0994,0.4421,2589,6558,2585
2011-11-13,3,0,10,0,2,0,1,0.439,0.4598,0.1574,0.6078,133,3992,4867
2011-11-14,2,0,5,0,1,0,1,0.6629,0.533,0.411,0.4407,632,1274,7773
2011-11-15,1,0,3,0,6,0,1,0.4887,0.9753,0.7984,0.1959,1280,6474,5819
2011-11-16,3,1,2,0,2,1,3,0.7833,0.7464,0.455,0.6864,123,2581,5639
2011-11-17,2,0,9,0,4,0,3,0.6944,0.1968,0.2706,0.8311,3190,3107,8426
2011-11-18,2,0,3,0,4,0,1,0.1478,0.8043,0.4203,0.3084,779,6718,4277
2011-11-19,3,0,9,0,2,1,1,0.778,0.5159,0.4455,0.7219,1306,4036,1521
2011-11-20,1,0,2,0,2,0,2,0.435,0.7874,0.727,0.7343,2300,1010,8507
2011-11-21,1,1,1,0,6,1,2,0.6058,0.5986,0.8688,0.2214,124,504,1228
2011-11-22,2,0,9,0,5,0,1,0.2322,0.2273,0.3213,0.5995,2170,5702,4812
2011-11-23,3,0,5,0,3,1,1,0.4346,0.8144,0.7085,0.7977,347,2438,6567
2011-11-24,4,1,7,0,3,1,2,0.8208,0.002,0.7014,0.6289,3077,710,6863
2011-11-25,3,0,1,0,0,0,1,0.9277,0.888,0.7669,0.0255,2356,306,6135
2011-11-26,2,0,3,0,1,0,2,0.9399,0.8186,0.5753,0.5138,1146,6568,3719
2011-11-27,2,1,2,0,0,0,1,0.7061,0.9701,0.0147,0.6617,2388,3984,1638
2011-11-28,2,0,4,0,5,1,2,0.0973,0.0355,0.6559,0.5254,1072,3649,354
2011-11-29,2,0,4,0,6,1,2,0.4538,0.4376,0.6123,0.0244,394,4109,2650
2011-11-30,3,0,5,0,1,1,2,0.2092,0.1691,0.6115,0.1021,34,2920,8470
2011-12-01,4,0,3,0,1,1,2,0.7037,0.374,0.2813,0.6814,749,6605,5978
2011-12-02,3,0,6,0,2,1,1,0.1781,0.3598,0.0979,0.4148,2414,4189,3559
2011-12-03,2,0,11,0,5,1,1,0.978,0.5976,0.1894,0.8143,1923,4441,4319
2011-12-04,2,1,2,0,2,0,2,0.2106,0.4374,0.2162,0.3527,932,6208,2926
2011-12-05,1,0,11,0,0,1,2,0.0717,0.9656,0.1736,0.6985,2341,40,7788
2011-12-06,4,0,5,0,4,0,3,0.8467,0.2778,0.2445,0.0302,1325,2229,3963
2011-12-07,4,1,7,0,1,1,1,0.2182,0.4188,0.0687,0.7149,536,5790,7298
2011-12-08,1,0,9,0,4,0,2,0.0435,0.7007,0.2693,0.7302,2316,686,465
2011-12-09,1,0,9,0,5,1,1,0.5571,0.2765,0.9979,0.3078,1557,2303,4256
2011-12-10,1,0,12,0,0,0,1,0.9698,0.7238,0.5114,0.263,2266,1152,5263
2011-12-11,4,1,12,0,6,1,1,0.2821,0.7087,0.3444,0.7734,1917,4967,5818
2011-12-12,1,1,2,0,4,0,3,0.4205,0.7122,0.7205,0.661,347,5864,228
2011-12-13,1,0,5,0,0,0,2,0.2524,0.6751,0.4695,0.5083,171,1848,5614
2011-12-14,2,0,7,0,1,1,2,0.5668,0.8175,0.0295,0.3709,345,4781,7317
2011-12-15,2,0,7,0,1,0,2,0.3363,0.9949,0.5474,0.7753,764,5285,822
2011-12-16,2,0,12,0,6,0,1,0.5995,0.0553,0.3041,0.6351,765,6291,2896
2011-12-17,3,1,8,0,5,1,1,0.4885,0.4971,0.5712,0.3543,3133,6443,3721
2011-12-18,1,1,5,0,2,1,1,0.9303,0.8131,0.1732,0.4222,2670,3175,2233
2011-12-19,1,1,12,0,3,0,1,0.6766,0.0,0.4825,0.0837,3000,569,3845
2011-12-20,1,0,9,0,2,0,1,0.6889,0.5452,0.1936,0.6891,1618,5175,7784
2011-12-21,3,1,10,0,2,0,1,0.4967,0.6598,0.2988,0.7154,1101,3790,7821
2011-12-22,3,1,8,0,4,1,2,0.3171,0.1917,0.6872,0.3023,1375,3200,5247
2011-12-23,2,0,1,0,1,0,2,0.3277,0.4008,0.2277,0.2632,2960,3762,7716
2011-12-24,4,1,12,0,5,1,3,0.5139,0.7895,0.4171,0.2144,1213,4479,7107
2011-12-25,3,0,9,0,6,1,1,0.2081,0.0667,0.0731,0.1474,2157,2003,522
2011-12-26,4,1,2,0,6,0,2,0.1498,0.1349,0.6872,0.8056,494,2293,3385
2011-12-27,4,1,4,0,1,0,1,0.3849,0.8181,0.5389,0.6452,3347,2386,7368
2011-12-28,2,1,5,0,2,1,1,0.1479,0.8092,0.8138,0.3684,2188,3435,3867
2011-12-29,3,1,4,0,1,1,2,0.2461,0.5904,0.5351,0.0936,3294,4703,5338
2011-12-30,3,1,8,0,4,1,1,0.5443,0.4162,0.9942,0.1185,1006,311,3603
2011-12-31,2,0,7,0,2,1,2,0.7943,0.1057,0.2411,0.6033,2104,2046,163
2012-01-01,3,1,3,0,2,1,2,0.2403,0.8114,0.7421,0.1726,935,5063,4932
2012-01-02,2,0,9,0,0,1,1,0.7958,0.2417,0.4323,0.2957,1596,232,3339
2012-01-03,1,1,4,0,3,0,3,0.0352,0.9132,0.376,0.8135,1102,5528,6749
2012-01-04,1,1,2,0,3,0,1,0.9971,0.7758,0.7315,0.494,486,5347,7741
2012-01-05,2,1,12,0,3,1,3,0.5266,0.0809,0.9556,0.6871,1508,2229,930
2012-01-06,4,0,4,0,2,1,2,0.4864,0.6355,0.7556,0.0883,1809,4350,3135
2012-01-07,1,0,3,0,5,1,1,0.6575,0.9206,0.3301,0.2808,537,3415,3435
2012-01-08,3,1,9,0,4,1,1,0.4857,0.8792,0.5099,0.7613,1359,1754,5901
2012-01-09,1,1,10,0,1,1,1,0.4199,0.6134,0.2171,0.6889,321,1054,3465
2012-01-10,3,1,2,0,2,0,2,0.3836,0.172,0.6202,0.6149,2202,6679,4938
2012-01-11,1,1,1,0,4,0,1,0.9783,0.6802,0.4026,0.4993,1068,5972,7917
2012-01-12,2,0,11,0,0,1,2,0.8643,0.6661,0.2281,0.2286,306,6242,5149
2012-01-13,4,1,7,1,2,1,1,0.5124,0.5887,0.0211,0.4977,1751,994,877
2012-01-14,2,0,6,0,6,0,3,0.8397,0.2657,0.9253,0.0431,2847,6699,4201
2012-01-15,4,1,6,0,3,0,1,0.1661,0.9003,0.0788,0.172,3380,4355,7727
2012-01-16,1,1,8,0,3,1,2,0.5389,0.5026,0.3293,0.4405,3297,3567,4214
2012-01-17,1,1,9,0,4,0,2,0.4612,0.2971,0.1905,0.0017,593,2388,8565
2012-01-18,1,1,1,0,2,1,1,0.3384,0.2552,0.4941,0.1974,715,1648,7867
2012-01-19,1,1,4,0,5,0,1,0.9201,0.281,0.1949,0.1294,3045,2273,2316
2012-01-20,2,1,12,0,0,1,2,0.8358,0.4611,0.7362,0.2937,2158,1223,3618
2012-01-21,4,1,3,0,3,0,2,0.9089,0.2309,0.2248,0.7296,1853,5491,1630
2012-01-22,1,1,11,0,4,1,2,0.6425,0.5174,0.1855,0.8053,2735,6589,1685
2012-01-23,2,0,5,0,1,0,1,0.3887,0.192,0.2169,0.1403,222,6718,3218
2012-01-24,1,0,3,0,5,0,3,0.7617,0.271,0.2976,0.1964,1891,6189,3670
2012-01-25,3,1,8,0,0,1,3,0.1264,0.1197,0.6418,0.7198,1952,936,3067
2012-01-26,3,0,8,0,4,1,2,0.856,0.3574,0.2096,0.1468,3189,5151,6392
2012-01-27,1,0,5,0,4,1,1,0.0482,0.406,0.6969,0.6301,1594,5961,1342
2012-01-28,2,1,10,0,5,1,1,0.8218,0.4037,0.4302,0.0727,1746,3555,4152
2012-01-29,1,0,1,0,1,0,4,0.7099,0.7249,0.197,0.5511,2730,3884,7746
2012-01-30,2,0,2,0,1,0,2,0.1067,0.4834,0.24,0.2258,924,2682,6385
2012-01-31,2,0,8,0,4,1,2,0.1641,0.693,0.5273,0.6371,240,5716,1798
2012-02-01,4,1,7,0,6,1,3,0.4633,0.0331,0.3786,0.4415,1609,4892,2106
2012-02-02,1,1,9,0,5,1,1,0.3139,0.4366,0.5137,0.1521,2082,4377,8071
2012-02-03,3,0,11,0,1,1,2,0.8699,0.0898,0.8126,0.3419,1664,85,5087
2012-02-04,4,1,12,0,2,0,2,0.209,0.4621,0.0458,0.4372,2409,6672,7668
2012-02-05,1,0,7,0,1,0,3,0.4287,0.6152,0.3936,0.8466,866,3651,7534
2012-02-06,4,1,7,0,5,0,2,0.2753,0.7967,0.4154,0.4083,50,6641,3859
2012-02-07,4,0,12,1,3,1,2,0.1446,0.5502,0.2509,0.1286,2683,4720,4622
2012-02-08,2,0,12,0,3,1,1,0.2745,0.3795,0.4419,0.4719,2901,3627,3223
2012-02-09,2,1,1,0,0,0,3,0.8628,0.2645,0.5666,0.1872,2107,5240,5557
2012-02-10,3,1,7,0,4,1,2,0.7212,0.9574,0.585,0.7476,1071,1728,5669
2012-02-11,3,1,12,0,3,0,1,0.916,0.1983,0.6698,0.709,1264,3144,5922
2012-02-12,4,1,1,0,0,1,3,0.4172,0.0424,0.0768,0.1094,1637,194,7505
2012-02-13,4,1,12,0,1,0,1,0.2556,0.1259,0.46,0.5001,1439,5180,6451
2012-02-14,2,0,9,0,5,1,1,0.0458,0.9975,0.7576,0.592,764,2264,906
2012-02-15,1,0,2,0,5,0,3,0.5053,0.9061,0.455,0.2139,1268,683,3066
2012-02-16,2,1,8,0,3,0,2,0.0589,0.3203,0.6565,0.5324,1017,5535,4976
2012-02-17,3,1,6,0,5,0,3,0.0242,0.0038,0.5904,0.3933,1528,1635,5470
2012-02-18,4,1,5,0,5,1,3,0.6126,0.7672,0.4647,0.4098,1281,1570,7534
2012-02-19,2,1,8,0,4,0,2,0.1815,0.3005,0.0789,0.4686,1801,1021,3639
2012-02-20,4,1,9,0,1,0,1,0.5686,0.0221,0.6332,0.4846,2751,4199,7164
2012-02-21,1,0,11,0,2,1,3,0.5821,0.4566,0.5345,0.6033,1129,2373,3420
2012-02-22,3,1,6,0,5,1,2,0.7294,0.4242,0.0057,0.3846,199,3972,1291
2012-02-23,2,1,2,0,2,0,2,0.3955,0.3618,0.2069,0.6142,2790,2403,4152
2012-02-24,3,0,11,0,4,1,2,0.7111,0.6534,0.0614,0.413,636,5237,1318
2012-02-25,2,1,5,0,5,1,1,0.3786,0.726,0.5702,0.5634,3165,2609,3566
2012-02-26,4,0,10,0,3,1,1,0.1158,0.5592,0.0151,0.2236,1803,5510,2128
2012-02-27,1,0,10,0,3,0,2,0.3238,0.014,0.8424,0.4604,1783,3246,246
2012-02-28,4,0,1,0,1,1,2,0.0274,0.0224,0.9475,0.3978,1395,123,5789
2012-02-29,2,0,5,0,3,0,1,0.4732,0.8817,0.9756,0.2569,2426,3042,6471
2012-03-01,3,0,2,0,0,1,1,0.7455,0.1864,0.2266,0.053,2227,1717,1168
2012-03-02,2,1,8,0,0,1,1,0.7891,0.3981,0.4951,0.4337,3173,3417,5101
2012-03-03,2,1,10,0,3,1,2,0.2475,0.1035,0.8912,0.0083,58,883,4386
2012-03-04,2,0,7,0,1,0,1,0.1235,0.2293,0.6873,0.3314,656,5232,1217
2012-03-05,2,0,4,1,2,0,2,0.2017,0.4854,0.2987,0.3151,948,4345,5309
2012-03-06,1,1,12,0,2,0,2,0.984,0.2355,0.834,0.5387,648,1003,2293
2012-03-07,2,0,2,0,3,1,1,0.3259,0.6591,0.5739,0.8393,3233,6795,7166
2012-03-08,2,1,2,0,4,1,2,0.4407,0.3673,0.73,0.7293,249,2448,5333
2012-03-09,3,0,5,0,3,1,3,0.0941,0.7885,0.9694,0.8288,415,1473,991
2012-03-10,2,0,12,0,5,0,1,0.7935,0.602,0.9975,0.8083,1508,20,4524
2012-03-11,3,0,11,0,3,0,1,0.4595,0.254,0.5048,0.063,902,1728,1036
2012-03-12,2,0,7,0,6,0,1,0.1056,0.8084,0.1566,0.2397,1130,215,6309
2012-03-13,2,1,12,0,6,1,2,0.4835,0.9321,0.6196,0.2524,2060,3365,2607
2012-03-14,3,1,11,0,2,1,3,0.719,0.12,0.6439,0.0604,1912,4220,4274
2012-03-15,3,1,8,0,5,0,2,0.4836,0.6697,0.5721,0.7197,2947,2582,6072
2012-03-16,4,0,2,0,3,0,3,0.9693,0.6308,0.422,0.761,1539,6087,7363
2012-03-17,2,0,11,0,6,0,2,0.8742,0.6697,0.5816,0.5142,3196,6710,4474
2012-03-18,1,0,8,0,5,1,1,0.5245,0.0312,0.534,0.7573,650,2138,695
2012-03-19,3,1,2,0,2,1,1,0.9417,0.0281,0.9447,0.6072,664,4436,2271
2012-03-20,2,0,11,0,2,0,2,0.8152,0.2948,0.8376,0.3745,1335,2803,5351
2012-03-21,1,1,5,0,6,0,2,0.3809,0.0802,0.3937,0.1274,400,1916,386
2012-03-22,4,1,10,0,3,0,2,0.776,0.3661,0.5709,0.8147,100,1473,3251
2012-03-23,3,0,4,0,4,1,2,0.5157,0.8724,0.5661,0.5884,1267,3632,2833
2012-03-24,3,0,1,0,4,0,1,0.5483,0.3544,0.5107,0.3011,1833,1009,2689
2012-03-25,3,0,6,0,1,1,1,0.5302,0.3928,0.0581,0.1093,948,4677,8312
2012-03-26,4,0,6,0,1,0,2,0.8076,0.2675,0.7126,0.6791,925,6143,8224
2012-03-27,3,1,11,0,6,1,2,0.9202,0.4216,0.7313,0.6817,333,2569,7820
2012-03-28,3,1,2,0,1,1,2,0.3331,0.7975,0.4842,0.4616,384,3982,7530
2012-03-29,4,1,11,0,6,0,1,0.6491,0.8309,0.9016,0.85,3012,6780,7788
2012-03-30,3,0,2,0,2,1,3,0.6358,0.4211,0.9839,0.3285,226,4901,1618
2012-03-31,3,1,12,0,5,0,1,0.8897,0.3969,0.8129,0.8008,2396,2817,3441
2012-04-01,1,1,9,0,4,1,1,0.4583,0.1951,0.9279,0.5357,2436,6127,521
2012-04-02,2,1,5,0,0,1,2,0.2064,0.9756,0.4875,0.626,694,313,6951
2012-04-03,2,0,12,0,1,0,3,0.219,0.311,0.9142,0.7795,844,4095,7560
2012-04-04,4,0,5,0,6,0,3,0.0703,0.3426,0.935,0.7065,1254,1768,273
2012-04-05,3,1,8,0,1,1,1,0.1187,0.4299,0.6236,0.2454,2247,1268,1493
2012-04-06,3,0,1,0,1,1,1,0.3152,0.0804,0.1507,0.7371,126,3600,1489
2012-04-07,3,0,2,0,1,1,2,0.1205,0.3285,0.1523,0.4588,2781,4960,8090
2012-04-08,3,0,5,0,4,1,2,0.8737,0.9306,0.4723,0.0381,1163,5132,6891
2012-04-09,4,0,3,0,5,0,2,0.3748,0.0744,0.7356,0.5727,1705,5199,2432
2012-04-10,1,1,3,0,6,1,1,0.3811,0.2405,0.5014,0.4247,3102,2019,418
2012-04-11,4,0,5,0,6,0,2,0.7624,0.2178,0.7998,0.4561,455,2887,3600
2012-04-12,4,1,8,0,6,0,1,0.3153,0.2351,0.7698,0.3498,3231,803,5101
2012-04-13,1,1,2,0,6,0,1,0.7209,0.9546,0.2036,0.0545,2096,4292,413
2012-04-14,3,0,10,0,3,0,2,0.826,0.7086,0.1328,0.1532,1456,5587,4097
2012-04-15,2,1,11,0,5,0,1,0.373,0.9198,0.7058,0.643,246,3375,4694
2012-04-16,2,0,11,0,4,0,2,0.4883,0.8576,0.3204,0.1991,232,2185,8550
2012-04-17,4,0,3,0,0,0,2,0.3358,0.6247,0.9314,0.5336,2786,2326,1662
2012-04-18,2,1,11,0,0,0,1,0.4347,0.5598,0.8685,0.4606,1371,4522,1616
2012-04-19,4,0,2,0,0,0,1,0.5891,0.5091,0.4512,0.1882,2597,4677,3768
2012-04-20,3,0,2,0,2,0,3,0.3626,0.6895,0.5805,0.2385,2841,3318,2799
2012-04-21,4,0,9,0,3,1,2,0.4749,0.7018,0.8471,0.326,1372,1733,8013
2012-04-22,3,1,10,0,4,0,3,0.5063,0.5995,0.8714,0.7482,1080,2863,6863
2012-04-23,3,0,2,0,3,0,1,0.044,0.4489,0.557,0.8001,919,2288,2217
2012-04-24,1,0,5,0,2,0,2,0.1804,0.6754,0.9719,0.3287,2171,698,2932
2012-04-25,4,0,5,0,5,0,3,0.5505,0.1567,0.521,0.0392,2420,2829,5540
2012-04-26,3,1,9,0,6,0,1,0.0226,0.5515,0.0411,0.5108,1193,5900,7597
2012-04-27,2,1,7,0,1,1,1,0.7101,0.5193,0.5627,0.3549,1935,4276,1777
2012-04-28,2,1,8,0,1,0,3,0.9074,0.5347,0.777,0.4185,1841,944,2595
2012-04-29,1,0,1,1,6,1,1,0.7595,0.5108,0.9849,0.3757,496,5922,5322
2012-04-30,2,0,12,0,6,1,1,0.3279,0.7503,0.1054,0.5564,1793,1498,7495
2012-05-01,1,1,7,0,2,0,4,0.4608,0.7575,0.4405,0.2588,2589,4278,2535
2012-05-02,4,1,9,0,3,0,1,0.6577,0.3296,0.5866,0.7587,3280,3951,4085
2012-05-03,2,0,6,0,4,0,2,0.6868,0.3508,0.8815,0.3581,1140,5048,5946
2012-05-04,3,0,3,0,4,0,2,0.9779,0.0165,0.7159,0.2904,815,5327,3718
2012-05-05,4,1,9,0,6,1,2,0.5031,0.1133,0.2312,0.7845,3048,2046,6720
2012-05-06,4,1,4,0,0,1,1,0.2645,0.2623,0.8594,0.3044,3135,5406,4498
2012-05-07,2,0,3,0,3,0,1,0.3749,0.7657,0.6642,0.0706,2828,4088,7676
2012-05-08,1,0,7,0,1,0,3,0.924,0.7979,0.8952,0.132,1145,2441,5301
2012-05-09,3,0,5,0,5,1,2,0.6401,0.248,0.8344,0.6072,941,739,8006
2012-05-10,4,0,11,0,4,1,1,0.867,0.8698,0.1293,0.478,2131,3957,7494
2012-05-11,2,1,8,0,5,1,1,0.7296,0.3757,0.9605,0.4544,871,3228,2119
2012-05-12,1,1,5,0,6,0,2,0.9661,0.7981,0.4543,0.0697,2624,3279,7821
2012-05-13,3,0,1,0,5,1,1,0.5112,0.4669,0.9826,0.1395,1358,4798,1143
2012-05-14,3,1,5,0,5,0,2,0.9509,0.7126,0.187,0.3368,1116,4929,2479
