country,continent,total_cases,new_cases,total_deaths,new_deaths,total_recovered,active_cases,total_tests,population,gdp_per_capita,median_age,hospital_beds_per_thousand,life_expectancy,vaccination_rate_pct,stringency_index
USA,North America,3134549,4856,170433,4567,1556720,3634502,486201449,515374035,17061,17.5,8.57,52.8,21.5,46.18
India,Asia,22616928,39890,126181,4968,14955731,3661777,353322581,381036764,57963,15.2,5.44,69.8,42.9,0.15
Brazil,South America,1212310,60939,232912,582,30309395,3847855,67566214,433754787,47490,21.0,2.53,59.1,35.6,67.47
Russia,Europe,27807976,24270,877170,2378,30411808,1782342,147144918,590004538,23584,42.2,11.17,74.6,95.8,52.36
France,Europe,14768736,17411,552070,4656,38727780,3362603,144640472,913834615,21753,26.6,11.85,70.0,54.5,90.42
UK,Europe,9294929,52459,703858,145,24846316,1024020,143098505,898886722,48582,44.8,13.56,58.3,25.2,94.73
Germany,Europe,45614465,18432,509843,4355,15368874,4344610,373408533,463213807,1006,44.2,2.89,68.2,59.5,9.82
Italy,Europe,32934035,40962,536564,1997,17322611,40355,279183932,407436031,5670,43.5,4.43,68.6,7.9,8.95
Spain,Europe,9639017,8409,564814,2677,44135663,3063748,243169926,1076275306,55332,22.0,4.0,65.4,90.9,89.91
Argentina,South America,35492145,1901,114733,631,2117759,424739,194480049,1071076936,49043,26.3,13.03,53.3,34.4,51.21
Colombia,South America,3150512,73540,566607,1704,29547119,4128516,91336728,973259129,53550,30.5,8.4,58.6,86.7,46.97
Poland,Europe,25762002,18629,507521,4798,1033070,1186477,27721747,964379498,31303,29.2,12.92,83.0,79.5,57.08
Turkey,Asia,31010707,2860,741765,4631,20858538,105317,471283864,340403741,19473,17.6,12.48,58.0,19.1,46.64
South Africa,Africa,6881080,1723,79154,706,4409817,1834908,326512656,930310748,25819,22.9,3.51,66.7,94.3,61.43
Mexico,North America,47927140,56729,457551,2813,10118040,4486990,146479007,454034945,50300,35.5,6.05,61.4,97.2,94.91
Indonesia,Asia,4368549,52219,838735,589,18186662,766628,105793965,744756516,15949,37.3,5.85,76.2,79.1,60.6
Netherlands,Europe,2858848,58237,735108,4946,14599775,1361471,288550543,769695893,2530,27.0,6.87,70.5,44.8,32.07
Iran,Asia,24859924,64132,257052,2288,1233834,2724964,348079559,1113326555,32566,24.8,13.97,74.9,66.2,21.34
Philippines,Asia,37272962,65448,655862,1291,35347442,4355738,361193886,1271096405,35316,34.3,2.52,72.4,8.8,96.61
Ukraine,Europe,27286795,71833,359570,2709,6668069,972052,273233100,588428709,27545,36.9,10.84,68.1,90.3,57.94
Romania,Europe,5425435,85250,713781,1006,32050583,1818032,231642003,156964182,63812,38.5,3.26,82.7,22.5,56.67
Belgium,Europe,4461709,20790,573100,3586,43563318,4773323,282035517,27107413,39597,41.8,10.38,74.5,70.5,3.33
Chile,South America,6767091,9199,433745,1734,11145318,3487917,126644842,502667588,51356,34.3,2.92,74.0,78.7,91.84
Hungary,Europe,49130537,80501,16880,1839,20276250,2824039,81039300,603083809,15633,27.5,7.43,74.1,95.0,46.96
Canada,North America,46804198,6754,684831,3782,29069667,1808463,167706676,839248511,37623,26.5,9.38,66.9,80.9,99.98
Peru,South America,4052376,41103,487749,4484,41996326,3983131,434643635,497056994,23473,16.1,6.1,72.6,80.4,16.79
Sweden,Europe,35060643,61431,479558,1019,17088573,4707355,445772376,455039891,24095,28.7,13.53,71.3,69.4,32.62
Portugal,Europe,40867888,4918,643357,2993,8548510,2109170,197482191,1028405893,7067,43.7,9.91,80.4,56.9,21.01
Switzerland,Europe,27965226,97427,820760,1534,4965631,4769542,492557247,406083747,47929,35.7,2.29,83.3,5.1,37.89
Austria,Europe,7832019,92769,186546,236,16134023,1024486,401636859,64719429,30114,34.6,5.27,67.5,95.4,97.66
Israel,Asia,8232968,83797,810811,1277,37413215,4218411,34794931,605293654,63413,22.4,4.46,71.2,44.6,41.48
Japan,Asia,34672390,69344,138617,170,30204592,2247831,432164052,865827803,38234,34.7,4.21,61.3,78.3,82.71
Pakistan,Asia,27952954,79332,577745,3910,10282293,1053652,112245345,270465524,12891,21.0,3.04,79.1,37.6,75.53
Malaysia,Asia,8728437,56255,438890,2343,44544241,2061655,194835919,15949296,46900,26.3,2.68,74.7,45.2,29.79
Bangladesh,Asia,3114052,75134,681365,2720,28871949,2031252,125181570,845209756,3694,34.3,12.2,81.6,45.8,57.99
Thailand,Asia,21654424,4021,482907,2197,31492980,3118330,441094916,266396997,48675,16.5,13.85,71.4,97.0,85.17
Morocco,Africa,19721827,20769,524533,1350,108151,3984093,215125007,1229768399,24833,25.3,2.32,74.7,21.5,61.13
Saudi Arabia,Asia,49094278,1397,395155,2261,40599345,4553109,407541186,469859766,3036,17.9,11.1,55.0,49.7,26.49
Australia,Oceania,35222677,12275,593892,763,3193441,686679,297672920,1275148721,33838,20.4,3.26,71.4,16.0,86.32
Serbia,Europe,21210327,56483,266053,285,2210777,1186198,302794446,123039838,31545,26.6,7.35,64.1,48.9,55.62
Vietnam,Asia,28416535,76248,261527,784,31139347,4167155,84970052,660508220,16316,37.9,2.84,68.3,54.0,98.0
Kazakhstan,Asia,25936928,87878,368854,266,13672349,482830,188429126,578701659,7387,23.8,3.87,62.5,14.3,65.56
Denmark,Europe,33758414,15961,181684,2767,42003985,1495137,248604446,411529896,40268,15.7,5.81,61.2,68.7,44.89
Norway,Europe,29157823,64746,281070,303,39725742,3576518,209948825,506311085,29780,28.2,9.9,78.3,81.3,43.59
Finland,Europe,5792528,74429,73265,1945,24570529,2678456,170753286,535972709,20228,22.3,6.69,69.8,80.2,88.01
Croatia,Europe,26237012,554,224702,3669,23544902,2061,492967429,83312958,36640,40.7,11.36,60.1,71.7,98.06
Slovakia,Europe,37930028,32684,369256,2880,7514737,738882,183259077,320469602,63833,42.1,1.44,76.5,14.7,41.04
Lithuania,Europe,45302741,63801,424908,3007,7644249,3973033,298647990,386658337,56589,37.1,8.05,54.4,61.3,16.3
Bolivia,South America,47814142,13590,568424,1437,542560,1700728,299095937,838366753,17614,35.2,1.58,61.4,68.7,3.98
Lebanon,Asia,33337662,34860,356085,682,7641443,3639467,105254122,409483004,24237,39.1,1.74,62.8,74.7,32.24
Jordan,Asia,45376331,45843,556668,774,19897203,3363239,440942151,189469503,52292,27.4,4.39,57.7,69.8,34.2
Egypt,Africa,943949,12203,391857,2154,34139601,4129039,76953947,963834931,8910,36.5,1.56,79.0,62.0,42.59
Nigeria,Africa,4397190,6724,394819,4455,3297894,2897159,412976689,446127298,62719,28.9,10.88,73.6,71.6,14.5
Kenya,Africa,9625575,81155,217,4714,7108477,453211,297442543,29358702,27077,29.2,7.15,73.4,83.7,49.27
Ethiopia,Africa,4930240,8764,703163,681,16957944,631241,174488192,239658164,32720,41.0,9.06,71.0,56.2,94.34
Ghana,Africa,32708272,57645,623436,345,22395361,1018628,134728077,773817919,63191,41.1,0.88,64.1,15.1,23.25
Tanzania,Africa,25668503,41725,51718,2323,19117490,906178,366923653,288174434,13351,28.2,3.22,73.1,80.1,68.48
Uganda,Africa,27258899,72422,42196,945,8158397,2758301,224396173,1296990128,11202,45.9,7.37,75.6,65.1,3.8
Cameroon,Africa,26203287,89471,663607,687,33946932,2306089,273816386,940366587,57929,32.9,1.24,69.2,67.6,64.38
Senegal,Africa,24351903,16506,186039,1948,9373117,1636558,180435526,418452964,47173,31.1,2.33,67.1,29.5,93.75
Tunisia,Africa,42856387,94453,807021,4810,5284532,2844078,174156393,1389842928,26450,31.6,0.4,59.2,15.5,28.23
Zimbabwe,Africa,10410690,11612,723108,1179,17878033,4229170,134198494,1002483175,7339,40.7,12.77,54.7,76.7,81.62
Mozambique,Africa,18444202,87993,371891,425,44528937,1864227,454029821,945910906,35596,46.9,6.09,53.3,5.8,8.24
Rwanda,Africa,4715505,51450,885736,792,5314131,2291741,442620525,105186849,49794,37.8,0.73,74.9,40.0,35.82
Angola,Africa,25724099,4581,477673,3105,5679649,4418014,80638039,342506651,3663,26.3,6.5,63.2,50.4,0.67
Zambia,Africa,17412311,52786,892330,4866,29669986,2147482,67877059,848194830,14465,32.1,12.44,74.7,2.7,35.51
Nepal,Asia,27438655,87632,46748,4803,27969147,413324,402576763,571313179,22952,25.1,2.74,68.3,58.9,30.98
Sri Lanka,Asia,47329739,58205,533011,3832,7475813,923841,179679412,1192140272,18629,36.6,3.41,66.3,12.6,69.28
Myanmar,Asia,38448336,9695,735724,2645,29255510,1346643,106122963,879494884,36359,48.0,13.75,72.1,24.4,29.45
Cambodia,Asia,6046600,74423,233480,3645,33840716,2810173,107232743,112153328,64106,43.5,11.97,57.9,97.4,82.31
Cuba,North America,17509453,84485,748264,309,28668832,2015130,446227709,1214479731,45197,30.6,7.72,83.3,55.3,29.15
Panama,North America,45203706,66359,751352,4661,23459062,1729805,131880287,1308122277,33699,26.3,2.69,62.6,94.9,22.33
Guatemala,North America,10431606,40962,704650,3930,20698396,4155262,360671864,1000238339,61848,29.9,3.15,76.6,48.8,49.45
Ecuador,South America,44534259,67625,585296,935,15592521,2252709,227689981,1075462061,53258,25.4,12.07,59.9,78.9,65.65
Venezuela,South America,44770293,33553,83330,1479,3081845,2381019,232476755,204378544,38135,47.7,9.49,67.0,4.7,88.87
Paraguay,South America,2524497,17499,887574,4448,27641016,1356546,168587383,1033273498,3869,21.7,4.98,68.0,29.3,81.35
Uruguay,South America,49432876,85570,794394,2709,35616588,2319471,38669171,845889430,18005,41.7,0.46,61.8,28.5,52.45
Haiti,North America,38770984,41810,494196,4913,18343217,3044291,43746737,177090991,60173,28.7,1.99,63.2,7.8,97.83
Algeria,Africa,24887613,76406,358593,1992,33057941,4594295,90091580,276849668,36437,36.5,10.24,65.9,93.4,29.65
Sudan,Africa,16876516,59997,473558,2931,3712741,4190330,143668543,769578903,60202,45.5,9.12,78.8,50.0,99.95
Libya,Africa,23078513,88115,885674,21,4483330,20771,139578867,524683417,5074,34.5,5.09,68.0,58.5,38.52
Iraq,Asia,11235655,51864,39425,4516,13910046,102874,380780280,808735997,12127,35.4,8.33,54.8,51.5,26.24
Syria,Asia,38776877,30545,432169,4168,15596039,4177713,5180957,1350784833,10052,16.2,10.6,58.9,25.1,38.28
Yemen,Asia,20122243,30423,174970,4080,23610433,1154658,311010625,880328967,6785,19.3,9.05,83.6,90.7,58.58
Afghanistan,Asia,22044685,52041,733940,3776,1416764,125328,108816891,1249022091,23193,32.8,3.43,54.9,65.9,47.39
Uzbekistan,Asia,46196670,94426,600232,1589,4691482,3386772,143520520,41876924,64960,27.2,13.33,72.7,13.0,5.02
