Age,Attrition,BusinessTravel,DailyRate,Department,DistanceFromHome,Education,Gender,HourlyRate,JobLevel,JobRole,JobSatisfaction,MaritalStatus,MonthlyIncome,NumCompaniesWorked,OverTime,PercentSalaryHike,PerformanceRating,TotalWorkingYears,TrainingTimesLastYear,WorkLifeBalance,YearsAtCompany,YearsInCurrentRole
47,No,Travel_Rarely,1267,Sales,18,5,Male,47,4,Healthcare Representative,2,Single,1785,5,No,21,3,12,2,3,5,5
47,No,Travel_Rarely,870,Sales,17,1,Female,99,4,Human Resources,1,Married,3960,3,No,24,4,21,5,2,13,6
35,No,Travel_Rarely,888,Research & Development,13,5,Male,59,2,Healthcare Representative,2,Divorced,13531,4,No,22,4,17,3,2,37,3
27,No,Travel_Frequently,1404,Sales,9,5,Female,73,1,Sales Representative,3,Single,2563,5,No,21,4,23,0,1,17,17
25,No,Non-Travel,127,Sales,6,1,Male,32,1,Human Resources,4,Married,16812,6,Yes,11,3,30,2,1,27,9
21,No,Travel_Rarely,587,Research & Development,26,1,Male,92,2,Healthcare Representative,2,Single,6183,7,No,23,4,9,2,2,24,5
22,Yes,Travel_Rarely,581,Sales,1,1,Female,69,2,Human Resources,1,Divorced,16914,8,No,19,3,14,1,4,18,1
58,No,Travel_Rarely,1125,Research & Development,4,5,Male,63,4,Manager,2,Single,15080,3,Yes,20,3,1,0,4,3,9
35,No,Travel_Rarely,585,Sales,11,1,Female,73,5,Sales Executive,2,Married,7148,1,No,15,4,13,2,3,38,16
31,No,Travel_Rarely,1332,Research & Development,11,4,Male,88,2,Healthcare Representative,3,Single,16166,0,No,23,4,39,6,2,21,6
36,No,Travel_Rarely,1109,Human Resources,26,5,Female,30,3,Research Director,3,Married,4858,6,No,18,3,29,6,4,13,13
39,No,Travel_Frequently,1370,Research & Development,9,2,Female,33,5,Manager,4,Married,10171,4,No,14,3,27,1,2,17,6
23,No,Non-Travel,1236,Human Resources,10,3,Male,65,3,Laboratory Technician,3,Married,19215,4,No,16,4,33,4,4,17,17
55,No,Travel_Rarely,1145,Research & Development,7,1,Male,84,2,Laboratory Technician,2,Single,17894,7,No,14,3,22,5,1,39,11
38,No,Travel_Rarely,596,Research & Development,11,5,Female,96,3,Sales Representative,1,Single,18335,6,No,24,4,3,3,3,15,15
41,Yes,Travel_Rarely,1118,Sales,8,4,Male,36,1,Research Director,4,Single,3846,9,No,22,4,26,0,1,39,10
39,No,Travel_Rarely,691,Research & Development,20,4,Female,57,5,Research Scientist,1,Divorced,6962,8,No,19,4,5,4,2,5,7
57,No,Travel_Rarely,581,Research & Development,23,2,Female,84,5,Healthcare Representative,2,Married,2447,7,No,21,3,7,1,4,8,0
59,No,Travel_Rarely,415,Sales,21,4,Male,96,1,Research Scientist,2,Single,17989,6,No,22,4,26,1,4,5,5
23,Yes,Non-Travel,1353,Sales,23,4,Male,47,2,Laboratory Technician,4,Single,15918,8,No,15,4,36,1,1,37,4
47,No,Non-Travel,1118,Research & Development,18,1,Female,97,1,Human Resources,2,Married,17739,1,Yes,14,4,12,0,2,23,15
24,No,Travel_Rarely,170,Sales,20,3,Female,86,5,Sales Executive,2,Single,3192,9,No,23,4,12,6,1,19,10
18,No,Travel_Rarely,589,Research & Development,10,1,Male,46,5,Manager,4,Divorced,7428,4,Yes,16,3,26,3,3,2,10
41,No,Travel_Frequently,912,Research & Development,28,4,Female,87,2,Healthcare Representative,2,Married,14600,2,No,11,4,12,5,4,6,17
38,No,Non-Travel,1087,Research & Development,27,5,Male,70,3,Manufacturing Director,4,Married,7905,5,No,22,4,6,0,2,37,15
38,Yes,Travel_Rarely,530,Research & Development,2,5,Female,89,4,Human Resources,1,Married,6571,8,No,14,3,9,1,2,38,12
18,No,Travel_Rarely,1089,Sales,10,3,Male,88,5,Human Resources,3,Divorced,18705,1,No,14,4,32,1,2,13,5
45,No,Travel_Rarely,482,Research & Development,20,5,Male,44,5,Sales Executive,3,Married,11161,1,Yes,20,4,24,0,4,28,1
39,No,Travel_Rarely,320,Research & Development,9,5,Male,79,4,Laboratory Technician,1,Single,15097,6,No,24,4,12,5,4,12,9
20,No,Travel_Rarely,223,Research & Development,15,3,Male,62,3,Laboratory Technician,4,Single,15665,6,No,12,3,39,1,4,38,17
32,No,Travel_Rarely,1339,Research & Development,24,2,Male,83,4,Sales Executive,4,Married,12735,7,No,20,4,13,6,1,5,8
23,No,Travel_Rarely,1020,Research & Development,25,1,Male,39,4,Healthcare Representative,1,Single,15056,8,No,15,4,27,5,1,3,17
55,No,Travel_Rarely,1253,Research & Development,27,4,Female,48,3,Manufacturing Director,1,Married,19104,7,No,23,4,7,1,1,14,3
49,No,Travel_Rarely,851,Sales,19,2,Male,46,2,Manufacturing Director,1,Divorced,10487,8,No,23,3,37,1,1,7,1
38,Yes,Travel_Rarely,916,Research & Development,27,3,Female,94,1,Sales Representative,4,Single,17433,1,Yes,12,3,8,2,3,27,9
21,No,Travel_Rarely,508,Research & Development,19,5,Male,55,3,Human Resources,2,Married,2282,3,No,11,4,17,3,3,36,6
53,No,Travel_Rarely,222,Research & Development,15,1,Female,46,5,Manager,4,Single,2428,7,Yes,16,4,23,4,4,38,1
32,No,Travel_Rarely,1101,Research & Development,6,2,Male,81,5,Manager,2,Single,8450,8,Yes,11,3,20,3,3,39,16
42,No,Non-Travel,335,Sales,25,3,Male,75,3,Healthcare Representative,4,Single,10481,3,Yes,15,3,23,5,4,7,6
48,No,Non-Travel,1323,Sales,8,4,Female,74,5,Manufacturing Director,3,Single,7273,5,No,13,4,30,5,1,2,4
34,No,Non-Travel,230,Research & Development,6,5,Male,91,1,Healthcare Representative,2,Single,18018,2,Yes,24,4,32,1,3,7,9
58,No,Non-Travel,1466,Research & Development,22,5,Male,93,5,Laboratory Technician,3,Divorced,1439,8,No,20,4,13,2,1,30,15
27,No,Travel_Rarely,749,Sales,25,3,Male,55,2,Healthcare Representative,1,Married,3119,5,No,13,4,25,5,2,5,2
32,No,Travel_Frequently,497,Research & Development,28,3,Male,97,2,Manufacturing Director,1,Single,12952,0,No,19,4,22,5,2,27,6
25,No,Travel_Rarely,472,Sales,22,3,Male,68,2,Manufacturing Director,3,Single,2380,5,No,21,4,17,6,3,22,13
32,No,Travel_Rarely,1048,Research & Development,27,1,Female,92,2,Research Director,4,Divorced,4720,2,Yes,22,3,20,0,1,31,12
51,Yes,Travel_Rarely,1262,Research & Development,12,4,Male,78,2,Sales Executive,2,Single,17322,4,No,19,3,32,0,1,4,3
37,No,Travel_Frequently,766,Research & Development,3,5,Male,35,3,Research Director,4,Single,16502,3,Yes,19,3,27,3,1,17,0
55,No,Travel_Frequently,711,Human Resources,7,4,Male,94,1,Research Scientist,2,Divorced,15771,8,No,22,3,0,1,1,3,13
55,No,Travel_Rarely,1329,Sales,5,2,Male,70,2,Manufacturing Director,2,Married,7545,8,Yes,14,4,2,5,3,0,3
31,No,Non-Travel,733,Human Resources,22,5,Male,61,2,Sales Representative,3,Single,4184,1,No,24,3,28,5,4,29,0
51,No,Travel_Rarely,564,Research & Development,12,2,Male,53,1,Human Resources,2,Married,7050,3,No,13,4,21,3,2,22,15
38,No,Travel_Rarely,1389,Research & Development,13,3,Male,72,5,Research Director,3,Married,4448,4,No,22,4,21,0,4,31,12
35,No,Non-Travel,1223,Research & Development,26,2,Female,94,3,Sales Representative,4,Married,5534,8,No,24,4,33,2,4,3,8
30,Yes,Travel_Rarely,909,Sales,28,3,Male,39,3,Manufacturing Director,2,Single,16820,2,Yes,14,4,8,1,2,12,7
20,No,Travel_Rarely,117,Research & Development,5,5,Male,45,3,Manufacturing Director,2,Divorced,5654,7,Yes,20,3,10,2,1,5,15
37,No,Non-Travel,643,Sales,24,3,Male,34,2,Laboratory Technician,2,Married,4980,0,No,22,3,25,5,2,23,14
46,No,Travel_Rarely,1467,Research & Development,18,4,Male,43,2,Research Director,3,Single,5861,9,No,15,3,31,5,1,22,9
54,No,Travel_Rarely,1475,Sales,23,5,Male,31,1,Manager,3,Married,3743,3,Yes,18,4,39,4,4,29,10
35,No,Travel_Rarely,1042,Sales,27,1,Female,44,5,Sales Executive,2,Married,17423,2,No,22,4,37,0,4,3,9
23,No,Travel_Rarely,748,Research & Development,10,5,Female,63,4,Sales Executive,1,Divorced,18243,7,Yes,20,4,13,4,2,1,6
37,No,Travel_Rarely,1302,Research & Development,23,1,Male,87,4,Research Scientist,4,Single,4823,6,Yes,22,4,7,3,3,34,9
30,No,Travel_Rarely,911,Research & Development,20,4,Male,68,4,Manager,3,Married,16296,5,No,14,4,25,4,2,25,11
56,Yes,Travel_Rarely,185,Research & Development,19,3,Female,45,5,Human Resources,3,Married,6139,9,Yes,18,3,7,2,1,4,11
47,No,Travel_Rarely,635,Research & Development,22,2,Male,36,1,Healthcare Representative,4,Single,8676,4,No,22,3,17,3,1,11,6
56,No,Non-Travel,554,Human Resources,22,4,Female,92,4,Laboratory Technician,1,Single,19987,5,Yes,14,4,12,2,1,16,14
31,Yes,Travel_Rarely,1036,Sales,12,5,Male,42,5,Manufacturing Director,4,Married,12897,4,No,17,3,15,5,2,16,6
36,No,Travel_Frequently,408,Sales,26,1,Male,83,5,Sales Representative,1,Married,16375,1,No,18,3,35,2,2,29,13
21,No,Non-Travel,1185,Research & Development,3,1,Male,48,2,Sales Executive,4,Married,9182,3,Yes,22,3,12,6,2,14,7
23,No,Travel_Rarely,441,Sales,6,3,Female,74,3,Manager,4,Married,12806,6,No,21,3,34,6,3,23,16
33,No,Travel_Rarely,980,Research & Development,21,1,Female,92,2,Human Resources,3,Married,6221,1,No,16,3,9,5,3,28,12
34,No,Travel_Rarely,522,Research & Development,13,2,Female,93,1,Human Resources,3,Divorced,14956,7,No,24,4,11,3,3,4,12
46,No,Travel_Frequently,449,Research & Development,9,3,Male,36,2,Research Scientist,4,Married,19748,5,No,19,3,9,3,2,18,11
27,No,Non-Travel,1086,Sales,15,3,Female,65,2,Human Resources,3,Married,3982,6,No,19,4,29,3,2,10,3
59,No,Travel_Rarely,1418,Research & Development,4,4,Female,64,5,Research Scientist,2,Divorced,11370,8,Yes,12,4,30,5,2,30,16
50,No,Travel_Rarely,1219,Research & Development,1,3,Male,91,3,Healthcare Representative,4,Single,6112,4,No,14,4,1,6,3,5,12
55,No,Travel_Frequently,816,Research & Development,2,1,Male,85,5,Manufacturing Director,4,Married,13116,7,No,12,4,12,5,2,12,0
30,No,Travel_Rarely,1379,Research & Development,25,4,Male,40,5,Sales Representative,1,Married,9671,7,No,11,3,37,5,3,24,5
41,No,Travel_Rarely,1255,Research & Development,10,2,Female,90,4,Research Director,1,Married,8762,2,Yes,24,3,21,3,2,21,2
39,No,Travel_Rarely,1384,Sales,26,1,Male,55,3,Manager,3,Married,8395,2,No,14,4,7,1,3,1,2
50,No,Travel_Rarely,114,Sales,15,4,Male,78,3,Sales Representative,3,Single,10518,4,No,21,4,8,2,2,36,8
53,No,Travel_Rarely,1238,Research & Development,9,3,Male,42,4,Human Resources,4,Married,4927,0,Yes,18,3,18,6,1,3,14
41,No,Travel_Rarely,825,Sales,2,4,Female,48,2,Healthcare Representative,1,Married,6472,5,No,13,4,8,2,2,17,12
58,No,Travel_Rarely,1077,Sales,4,4,Male,35,3,Manager,1,Divorced,2341,9,No,22,3,17,3,3,2,16
38,No,Non-Travel,1409,Sales,16,1,Male,38,2,Healthcare Representative,1,Single,9161,8,No,19,3,23,3,2,23,1
29,No,Travel_Rarely,827,Research & Development,18,5,Female,95,2,Laboratory Technician,2,Divorced,12631,7,No,21,4,18,2,4,14,11
25,No,Non-Travel,1063,Research & Development,26,2,Male,41,2,Healthcare Representative,3,Single,12931,1,No,21,3,23,1,1,26,5
33,No,Travel_Frequently,1474,Research & Development,6,4,Male,73,1,Manager,2,Married,4997,8,No,22,4,2,1,1,25,0
30,No,Travel_Rarely,261,Sales,17,4,Male,83,5,Sales Executive,1,Married,16431,1,No,19,3,20,1,4,36,17
26,No,Travel_Rarely,1138,Research & Development,3,1,Female,35,5,Manufacturing Director,3,Married,8907,4,Yes,13,4,2,1,3,1,2
36,No,Travel_Rarely,1093,Research & Development,15,1,Female,50,4,Laboratory Technician,2,Divorced,16245,9,No,17,3,27,0,2,25,5
28,No,Travel_Rarely,367,Human Resources,5,5,Female,63,4,Manager,2,Married,16585,7,No,21,4,20,6,3,13,9
59,Yes,Travel_Frequently,122,Research & Development,7,1,Male,53,3,Manufacturing Director,4,Single,1225,1,No,22,4,25,0,4,24,6
30,No,Travel_Rarely,985,Research & Development,12,2,Male,91,3,Research Scientist,2,Married,1900,5,Yes,18,4,13,0,4,38,2
43,No,Travel_Rarely,617,Sales,13,5,Male,42,5,Healthcare Representative,3,Married,11166,9,Yes,11,3,8,3,4,33,4
49,No,Travel_Rarely,539,Research & Development,4,1,Male,80,1,Healthcare Representative,1,Married,16928,4,Yes,24,4,27,6,2,38,12
57,No,Non-Travel,432,Research & Development,17,4,Female,60,1,Manager,3,Married,8098,5,No,19,3,2,4,1,39,0
46,No,Travel_Rarely,862,Research & Development,12,2,Female,57,5,Sales Representative,3,Single,12601,3,Yes,18,4,19,0,2,31,1
28,No,Travel_Rarely,453,Research & Development,25,3,Male,53,1,Human Resources,4,Married,12536,4,No,17,3,10,4,1,35,5
41,No,Travel_Rarely,205,Research & Development,18,1,Female,77,4,Manager,2,Married,15486,5,No,17,3,14,4,3,27,17
20,Yes,Non-Travel,159,Sales,25,3,Male,54,2,Healthcare Representative,2,Married,17751,1,No,20,3,17,5,1,4,2
29,No,Travel_Frequently,464,Research & Development,1,2,Male,73,4,Laboratory Technician,2,Divorced,11814,9,No,19,4,18,2,3,35,11
59,No,Travel_Rarely,964,Research & Development,13,4,Female,32,5,Sales Representative,4,Single,15726,8,No,15,4,8,2,4,27,6
18,No,Travel_Frequently,839,Sales,24,4,Female,49,3,Manufacturing Director,1,Married,12443,1,No,16,4,5,6,1,34,9
31,Yes,Non-Travel,1138,Research & Development,6,3,Female,62,1,Human Resources,1,Divorced,7289,1,No,13,4,19,5,3,13,4
20,No,Travel_Frequently,938,Research & Development,7,1,Female,45,3,Sales Representative,4,Single,11846,6,No,15,3,11,1,4,23,16
40,Yes,Travel_Rarely,509,Research & Development,20,4,Male,37,1,Laboratory Technician,1,Married,15045,4,No,24,4,1,5,2,16,7
49,No,Travel_Rarely,1384,Research & Development,1,3,Female,45,5,Human Resources,2,Divorced,18005,6,No,14,3,34,6,4,0,0
20,No,Travel_Rarely,921,Research & Development,27,4,Female,67,2,Healthcare Representative,2,Single,2934,0,No,23,4,19,4,1,25,4
23,No,Travel_Rarely,966,Research & Development,27,4,Male,97,5,Manager,4,Married,7375,7,No,17,4,3,4,3,12,5
54,No,Travel_Rarely,796,Sales,27,1,Male,76,5,Sales Representative,4,Married,3442,0,No,23,3,14,5,1,5,16
29,No,Travel_Frequently,693,Research & Development,22,1,Female,93,2,Manager,4,Single,4260,1,No,19,3,4,3,1,8,0
18,No,Travel_Rarely,1489,Sales,28,3,Female,68,2,Manager,1,Married,5292,7,No,21,3,38,1,3,27,5
22,No,Non-Travel,646,Research & Development,28,5,Male,32,5,Sales Representative,1,Single,18142,3,No,16,3,19,3,4,28,3
56,No,Travel_Frequently,1236,Research & Development,8,2,Male,40,4,Human Resources,2,Divorced,8600,2,No,11,4,35,3,3,11,3
56,No,Travel_Frequently,219,Sales,5,3,Male,83,3,Research Scientist,3,Married,18465,8,No,15,3,13,5,2,13,17
24,Yes,Travel_Rarely,1423,Research & Development,24,4,Male,73,5,Manager,3,Single,10706,6,No,19,4,38,5,2,32,13
29,No,Travel_Rarely,1159,Research & Development,13,5,Female,88,2,Manager,3,Single,1371,2,Yes,14,3,37,0,2,18,17
25,No,Travel_Frequently,1253,Sales,2,4,Male,58,4,Human Resources,4,Divorced,8564,7,No,16,4,26,0,2,14,14
38,No,Travel_Rarely,548,Research & Development,13,5,Male,95,2,Manager,1,Married,14807,1,No,11,4,16,1,1,34,15
52,No,Non-Travel,1020,Sales,1,5,Male,55,1,Research Scientist,4,Single,12930,4,Yes,15,4,38,1,4,1,10
49,No,Travel_Rarely,1157,Human Resources,17,1,Female,88,2,Sales Representative,3,Single,8002,1,Yes,12,3,22,1,3,27,9
34,No,Travel_Rarely,201,Research & Development,19,3,Female,40,1,Research Director,1,Married,3367,6,No,14,4,7,3,4,23,6
47,No,Non-Travel,1009,Research & Development,2,4,Female,61,5,Research Director,2,Single,15397,2,No,16,4,2,5,3,15,1
28,No,Travel_Frequently,1300,Human Resources,4,3,Male,99,2,Research Scientist,2,Divorced,10911,2,No,13,4,21,2,2,29,15
56,No,Travel_Rarely,1286,Research & Development,26,1,Male,85,5,Research Scientist,2,Single,16028,2,No,12,4,9,3,1,11,6
43,No,Travel_Rarely,1165,Research & Development,11,4,Male,57,4,Sales Executive,3,Single,6181,8,No,12,4,29,6,3,24,12
56,No,Travel_Rarely,1350,Sales,2,1,Female,92,2,Manufacturing Director,2,Married,3987,8,No,20,3,21,5,3,10,17
28,No,Travel_Rarely,496,Sales,1,2,Female,61,5,Research Scientist,4,Single,7933,2,Yes,12,4,19,5,4,31,6
57,Yes,Travel_Rarely,1064,Research & Development,12,5,Male,96,1,Sales Representative,1,Married,5553,1,Yes,11,4,11,5,1,16,2
30,No,Travel_Rarely,478,Research & Development,3,5,Male,36,1,Manager,1,Divorced,10672,5,No,20,3,8,0,2,32,7
46,Yes,Travel_Rarely,1307,Sales,4,1,Female,87,5,Laboratory Technician,4,Married,10528,6,No,17,4,8,5,1,23,17
19,No,Travel_Rarely,834,Research & Development,6,2,Female,77,2,Laboratory Technician,3,Divorced,3528,8,Yes,24,3,26,3,1,1,0
27,No,Travel_Frequently,1258,Research & Development,20,2,Female,42,1,Healthcare Representative,2,Divorced,9890,8,No,16,3,31,4,4,24,4
40,No,Travel_Rarely,497,Sales,16,3,Male,49,1,Research Scientist,1,Single,8381,7,Yes,16,4,38,5,2,0,1
39,Yes,Travel_Rarely,530,Research & Development,22,5,Female,87,5,Manufacturing Director,2,Single,10873,0,Yes,11,3,27,0,1,29,13
23,Yes,Travel_Rarely,1457,Sales,10,5,Male,81,3,Manager,1,Married,15455,0,Yes,12,3,20,4,1,8,2
18,No,Travel_Frequently,1365,Sales,3,1,Female,43,3,Healthcare Representative,4,Divorced,9661,1,No,22,3,27,6,2,39,4
53,No,Travel_Rarely,372,Research & Development,16,4,Male,34,2,Healthcare Representative,2,Divorced,6280,3,Yes,14,3,9,3,1,8,4
28,No,Non-Travel,642,Research & Development,28,1,Male,52,1,Research Director,4,Married,18166,7,No,12,4,35,4,4,18,0
49,No,Travel_Frequently,316,Sales,19,3,Male,50,5,Manufacturing Director,4,Single,15528,8,No,21,4,1,0,4,22,16
25,No,Travel_Frequently,990,Research & Development,7,3,Male,73,2,Research Scientist,2,Married,19258,7,No,24,4,36,5,4,5,6
29,Yes,Travel_Rarely,162,Research & Development,1,3,Female,82,2,Healthcare Representative,3,Married,5393,8,No,15,4,4,6,4,9,14
18,No,Travel_Frequently,138,Research & Development,3,5,Female,49,5,Research Scientist,2,Divorced,12685,3,Yes,16,4,37,2,1,38,9
40,No,Travel_Frequently,873,Research & Development,24,4,Female,57,1,Research Director,2,Married,15330,6,No,20,4,31,2,3,14,0
39,No,Non-Travel,1352,Research & Development,9,5,Female,43,3,Research Scientist,4,Single,17968,1,No,12,4,16,3,4,30,3
42,No,Travel_Rarely,1136,Research & Development,2,3,Male,32,3,Sales Representative,3,Married,4700,1,Yes,13,3,19,1,4,18,0
49,No,Travel_Rarely,1073,Research & Development,10,3,Female,93,4,Healthcare Representative,1,Married,5801,8,Yes,23,4,11,0,2,8,4
45,No,Travel_Frequently,921,Sales,25,3,Female,85,5,Healthcare Representative,2,Married,19072,4,No,21,3,8,0,4,24,10
26,No,Non-Travel,354,Research & Development,12,2,Female,85,1,Research Director,4,Married,11763,7,No,13,3,12,1,1,5,2
35,No,Travel_Rarely,392,Research & Development,28,4,Male,97,2,Research Director,1,Divorced,3929,9,No,20,4,34,5,3,39,6
21,No,Travel_Frequently,964,Research & Development,15,2,Male,32,2,Research Scientist,3,Married,4676,5,No,24,4,10,4,2,27,0
45,No,Non-Travel,1392,Research & Development,26,1,Female,56,5,Research Director,4,Single,19996,1,Yes,14,3,17,4,4,27,14
34,No,Travel_Rarely,168,Research & Development,6,3,Female,81,3,Laboratory Technician,3,Single,18079,6,No,14,3,27,0,4,1,6
25,No,Travel_Rarely,631,Research & Development,16,4,Male,73,3,Manufacturing Director,1,Married,5357,8,No,24,3,31,1,4,10,17
54,No,Non-Travel,365,Research & Development,14,3,Male,84,2,Research Director,4,Married,11501,2,No,24,4,12,6,1,15,5
37,No,Travel_Frequently,298,Sales,22,1,Male,56,3,Research Scientist,4,Married,14495,4,Yes,18,4,32,3,2,14,8
20,No,Travel_Frequently,595,Research & Development,4,1,Female,36,4,Manufacturing Director,3,Married,9482,6,No,17,3,7,0,2,4,8
21,No,Travel_Rarely,368,Research & Development,5,4,Male,68,3,Research Scientist,4,Married,6803,7,No,14,4,28,6,4,1,3
30,Yes,Travel_Frequently,444,Research & Development,7,5,Female,81,4,Manager,1,Divorced,14312,1,No,11,3,4,3,3,23,13
57,No,Non-Travel,714,Research & Development,27,2,Male,81,5,Manager,3,Single,2569,0,No,18,3,38,3,4,16,16
22,No,Travel_Rarely,1140,Human Resources,26,5,Male,42,5,Manager,4,Married,4952,6,No,13,3,3,4,4,9,15
34,No,Travel_Frequently,862,Research & Development,1,3,Male,74,3,Human Resources,3,Divorced,1481,0,No,16,3,35,2,2,23,7
34,No,Travel_Frequently,861,Research & Development,12,1,Male,74,5,Sales Representative,3,Single,17924,4,No,24,3,30,4,1,39,13
43,No,Travel_Rarely,942,Research & Development,16,2,Male,52,2,Sales Executive,4,Single,3805,3,No,23,3,5,2,3,37,7
43,No,Travel_Rarely,416,Research & Development,25,5,Female,48,1,Research Scientist,3,Married,17516,4,Yes,17,4,30,2,4,35,2
38,No,Travel_Rarely,204,Research & Development,13,2,Male,43,4,Healthcare Representative,1,Single,8758,8,Yes,15,3,13,1,1,10,12
51,No,Non-Travel,141,Research & Development,22,5,Male,37,4,Healthcare Representative,1,Married,3000,9,No,24,4,39,1,3,6,7
19,No,Travel_Rarely,1313,Sales,23,4,Female,68,1,Research Scientist,3,Divorced,12027,6,No,23,4,38,6,2,9,6
34,No,Travel_Rarely,1325,Sales,15,5,Male,51,2,Healthcare Representative,3,Single,7046,3,No,19,4,37,1,4,12,1
20,Yes,Travel_Rarely,571,Research & Development,21,3,Male,76,2,Healthcare Representative,2,Divorced,10096,6,No,21,3,26,1,3,0,4
30,No,Travel_Rarely,1197,Research & Development,2,1,Female,71,3,Healthcare Representative,1,Single,19587,1,No,17,4,35,3,3,12,7
29,No,Travel_Rarely,464,Research & Development,10,3,Male,70,2,Research Director,3,Married,12981,9,No,20,3,17,0,1,22,13
55,No,Travel_Frequently,528,Research & Development,24,5,Male,97,4,Manufacturing Director,2,Single,1345,8,No,18,3,2,2,4,9,7
46,No,Travel_Rarely,1062,Sales,5,5,Male,38,3,Research Director,3,Married,2828,3,Yes,13,4,34,0,3,39,3
28,Yes,Travel_Frequently,1397,Research & Development,15,3,Male,32,5,Sales Representative,3,Divorced,15651,0,No,11,4,1,1,1,33,7
44,No,Travel_Rarely,959,Research & Development,23,1,Male,54,5,Human Resources,1,Single,13854,8,No,12,3,25,1,2,14,0
52,No,Travel_Rarely,1442,Sales,15,2,Female,31,2,Manager,4,Divorced,10288,0,No,22,3,21,6,2,16,8
25,No,Travel_Frequently,1488,Sales,28,2,Male,82,3,Healthcare Representative,1,Married,15919,1,Yes,23,4,14,2,1,19,8
41,Yes,Non-Travel,143,Research & Development,24,5,Female,55,4,Sales Executive,2,Divorced,5266,0,No,18,4,29,0,2,13,12
38,No,Travel_Rarely,675,Sales,3,3,Female,40,3,Manager,3,Married,5389,1,No,18,4,10,6,3,2,0
56,No,Travel_Rarely,760,Research & Development,15,3,Male,35,5,Healthcare Representative,4,Married,8736,9,Yes,23,3,37,6,4,15,11
33,Yes,Travel_Rarely,357,Research & Development,21,5,Male,91,1,Human Resources,4,Divorced,16047,4,No,24,4,34,0,4,22,14
46,Yes,Travel_Frequently,400,Sales,21,1,Male,56,5,Manager,3,Married,19666,1,Yes,21,4,36,0,3,10,14
41,No,Travel_Rarely,1460,Research & Development,15,2,Male,62,5,Sales Representative,3,Divorced,5756,9,No,18,3,33,1,1,8,17
31,No,Travel_Rarely,352,Sales,12,4,Female,41,2,Human Resources,3,Single,12746,4,No,17,3,33,1,2,20,12
32,Yes,Travel_Rarely,775,Research & Development,9,2,Male,85,2,Human Resources,2,Single,9441,7,No,19,3,36,3,2,0,17
54,No,Travel_Rarely,774,Research & Development,10,3,Male,81,1,Research Scientist,3,Married,17736,5,No,21,4,36,5,4,29,6
55,No,Travel_Rarely,1026,Sales,1,5,Male,53,1,Laboratory Technician,4,Single,16311,1,No,24,4,31,6,1,27,2
28,No,Travel_Rarely,867,Research & Development,25,4,Female,89,2,Research Director,3,Married,4288,7,Yes,20,3,31,6,4,38,0
37,No,Travel_Frequently,161,Research & Development,21,3,Male,55,5,Research Scientist,4,Divorced,14059,9,No,21,4,7,6,1,5,16
23,No,Travel_Rarely,731,Research & Development,9,1,Male,93,4,Research Director,3,Married,1335,9,No,11,4,6,0,3,31,2
35,No,Travel_Rarely,571,Research & Development,4,5,Male,97,5,Research Scientist,3,Divorced,10574,7,No,16,3,15,6,2,4,2
54,No,Travel_Rarely,281,Sales,15,1,Female,62,2,Manufacturing Director,4,Married,6079,6,No,14,4,14,4,4,30,13
47,Yes,Travel_Rarely,1481,Research & Development,24,1,Male,69,2,Research Director,2,Single,8028,7,Yes,22,4,13,0,2,9,6
38,No,Travel_Rarely,856,Research & Development,28,2,Male,88,5,Research Scientist,3,Single,7277,9,No,14,4,11,6,2,32,9
50,Yes,Travel_Rarely,1449,Research & Development,8,2,Female,37,3,Sales Executive,2,Divorced,11712,5,Yes,15,3,10,4,3,5,1
41,No,Travel_Rarely,1381,Human Resources,13,4,Female,63,1,Sales Representative,3,Married,17125,9,No,20,4,22,5,1,32,7
36,No,Travel_Rarely,1476,Research & Development,17,3,Male,97,4,Research Director,2,Divorced,10879,3,No,18,3,31,4,2,24,14
18,No,Travel_Frequently,433,Human Resources,17,5,Female,44,1,Sales Representative,4,Married,17453,3,No,16,3,32,5,4,1,10
22,No,Non-Travel,1253,Sales,8,1,Male,56,1,Healthcare Representative,4,Single,19456,1,Yes,14,4,4,0,4,10,4
40,No,Travel_Rarely,158,Sales,23,5,Female,89,5,Sales Representative,4,Married,5242,4,No,23,4,21,3,3,19,2
21,Yes,Travel_Rarely,801,Research & Development,20,3,Female,79,5,Sales Representative,2,Married,16697,6,No,24,3,19,4,1,26,11
18,No,Travel_Frequently,1315,Research & Development,24,3,Male,64,4,Manufacturing Director,4,Married,5132,4,No,11,3,31,6,1,29,12
31,No,Non-Travel,901,Sales,4,1,Male,38,2,Sales Representative,3,Married,3220,1,No,24,3,34,4,4,21,13
41,Yes,Non-Travel,383,Sales,19,4,Male,42,1,Research Scientist,2,Married,4972,4,No,22,3,13,1,4,27,2
48,No,Travel_Rarely,206,Human Resources,10,3,Male,89,3,Manufacturing Director,4,Divorced,8840,5,Yes,23,4,31,4,2,14,6
58,No,Travel_Rarely,742,Research & Development,22,4,Male,65,3,Research Director,3,Single,4240,1,No,17,4,23,1,3,13,1
45,No,Non-Travel,1210,Research & Development,15,5,Female,97,1,Research Scientist,3,Single,12161,5,No,16,4,10,1,1,7,14
58,No,Travel_Frequently,1387,Sales,15,2,Male,37,4,Manufacturing Director,4,Single,12340,3,No,19,3,22,4,3,26,4
30,No,Travel_Rarely,1148,Research & Development,17,5,Male,56,1,Manager,1,Married,14403,5,Yes,21,4,1,2,1,26,5
45,No,Travel_Frequently,720,Research & Development,7,3,Male,36,3,Manager,2,Divorced,18321,0,No,24,3,2,2,1,36,10
18,No,Travel_Frequently,1091,Research & Development,17,2,Male,40,1,Human Resources,1,Married,4377,8,Yes,14,4,16,3,3,20,2
23,No,Travel_Rarely,1197,Sales,25,4,Male,30,1,Manager,2,Divorced,19622,3,No,24,3,38,1,4,24,13
44,No,Travel_Rarely,636,Research & Development,3,1,Female,69,2,Sales Executive,3,Married,16785,4,No,16,4,23,0,4,28,8
31,No,Travel_Rarely,470,Research & Development,5,4,Male,46,3,Human Resources,4,Married,2029,1,No,20,3,26,3,2,34,10
41,Yes,Travel_Rarely,473,Research & Development,1,5,Male,41,5,Laboratory Technician,1,Married,12972,4,No,22,4,34,1,3,20,12
57,No,Travel_Rarely,1143,Research & Development,14,2,Male,91,1,Manager,4,Divorced,5909,3,Yes,20,3,17,5,3,29,11
50,No,Travel_Frequently,1233,Research & Development,7,3,Male,60,3,Research Director,1,Single,2289,0,No,11,4,21,4,2,32,0
32,No,Travel_Rarely,373,Research & Development,17,4,Male,67,4,Manager,1,Married,13951,5,No,23,3,11,6,3,23,1
46,No,Travel_Rarely,1463,Sales,2,3,Male,73,2,Sales Executive,2,Married,2131,2,No,11,4,10,1,4,21,14
56,No,Travel_Rarely,128,Research & Development,4,5,Male,60,5,Manufacturing Director,2,Divorced,4385,3,No,18,4,36,5,2,26,15
28,No,Travel_Rarely,693,Research & Development,7,5,Male,39,3,Sales Executive,3,Single,14039,0,Yes,20,4,27,0,1,32,4
41,No,Travel_Rarely,776,Sales,19,2,Male,64,1,Manufacturing Director,1,Single,2597,6,No,14,3,5,4,4,22,0
48,No,Travel_Rarely,179,Research & Development,2,2,Female,96,2,Research Director,3,Married,15356,1,No,21,4,16,1,3,21,12
45,Yes,Travel_Rarely,1114,Sales,15,4,Female,78,3,Laboratory Technician,4,Married,1514,5,Yes,19,3,30,5,2,8,17
38,No,Travel_Rarely,1360,Research & Development,15,3,Male,79,4,Sales Representative,1,Single,6903,4,No,16,3,33,0,1,38,2
36,No,Travel_Rarely,433,Research & Development,9,2,Male,69,1,Sales Executive,2,Married,5878,7,No,13,3,26,0,2,2,1
42,No,Travel_Frequently,1065,Sales,3,5,Male,55,3,Laboratory Technician,3,Married,4084,4,No,20,3,0,1,4,34,7
38,No,Travel_Frequently,1430,Research & Development,20,1,Male,62,4,Manager,2,Married,11119,6,No,12,3,14,2,2,15,11
32,No,Travel_Frequently,1039,Research & Development,12,3,Male,59,2,Human Resources,2,Married,5183,9,No,23,4,16,5,4,10,8
54,No,Travel_Frequently,733,Research & Development,17,2,Female,70,1,Manager,1,Single,3868,2,No,12,4,7,1,1,9,8
51,No,Travel_Rarely,1421,Human Resources,22,4,Male,89,4,Sales Representative,2,Married,8457,1,No,12,4,16,5,1,29,8
44,No,Travel_Frequently,662,Research & Development,1,5,Male,31,4,Sales Representative,4,Married,10434,6,Yes,13,3,14,3,1,11,17
26,No,Travel_Rarely,1038,Research & Development,22,5,Male,63,2,Research Scientist,4,Married,13008,1,Yes,22,3,23,0,1,5,4
39,No,Travel_Rarely,1177,Research & Development,3,2,Male,48,5,Human Resources,4,Married,2630,2,Yes,22,4,12,6,2,18,1
26,No,Non-Travel,964,Research & Development,16,2,Male,99,5,Healthcare Representative,1,Single,4573,7,No,19,4,14,3,3,36,9
24,No,Non-Travel,540,Research & Development,3,1,Female,40,1,Laboratory Technician,1,Married,1962,6,No,22,3,34,5,3,34,8
27,No,Travel_Rarely,1094,Research & Development,1,5,Male,34,3,Research Director,3,Married,16036,0,No,16,4,16,0,3,13,4
24,Yes,Travel_Rarely,534,Research & Development,12,2,Female,79,4,Healthcare Representative,2,Single,11628,5,Yes,24,4,7,3,1,25,17
51,No,Travel_Frequently,778,Sales,16,2,Female,48,2,Sales Representative,1,Divorced,5735,6,No,11,4,29,1,3,19,2
39,No,Travel_Rarely,863,Research & Development,9,2,Male,45,1,Manufacturing Director,1,Divorced,11114,3,No,19,3,10,3,3,15,2
48,Yes,Travel_Frequently,502,Research & Development,8,5,Male,66,1,Manager,1,Married,16382,7,No,16,3,6,5,3,0,2
59,No,Travel_Frequently,1173,Sales,6,5,Male,95,2,Research Scientist,1,Married,15464,7,Yes,15,3,30,5,3,6,16
29,No,Travel_Frequently,453,Research & Development,16,2,Female,39,2,Manufacturing Director,3,Married,18556,6,No,22,3,9,6,1,34,16
26,No,Travel_Rarely,326,Research & Development,12,4,Female,67,4,Healthcare Representative,2,Married,5383,2,No,21,3,0,1,2,38,17
24,No,Travel_Frequently,1116,Sales,26,2,Female,54,5,Laboratory Technician,3,Single,4126,2,No,18,3,4,1,3,37,2
18,No,Travel_Rarely,1331,Sales,13,3,Male,43,3,Human Resources,1,Married,15516,5,No,23,3,29,5,1,38,0
19,No,Travel_Rarely,440,Research & Development,17,4,Female,66,5,Manager,3,Married,18436,1,No,13,3,10,5,1,18,7
42,No,Travel_Rarely,825,Sales,27,3,Male,97,3,Research Director,1,Married,4336,4,No,12,3,15,2,3,2,8
46,No,Travel_Rarely,1402,Research & Development,27,5,Female,48,5,Research Scientist,4,Divorced,14403,9,No,14,3,20,2,3,7,4
30,No,Travel_Rarely,618,Research & Development,14,3,Female,45,2,Manufacturing Director,1,Married,11921,6,No,12,3,11,1,1,31,11
40,No,Travel_Rarely,664,Sales,6,4,Female,41,4,Research Director,4,Married,17856,8,No,22,4,7,5,2,27,11
26,No,Travel_Frequently,1077,Research & Development,12,3,Male,73,5,Research Scientist,3,Married,4669,3,Yes,18,4,2,0,4,39,12
47,No,Travel_Rarely,987,Research & Development,8,4,Male,48,5,Research Scientist,1,Married,7594,7,No,17,3,2,3,2,11,6
47,Yes,Travel_Frequently,279,Research & Development,14,5,Female,71,2,Human Resources,1,Single,12802,7,Yes,17,3,36,2,2,15,0
47,No,Travel_Rarely,161,Sales,5,5,Male,35,2,Research Scientist,3,Married,17409,1,No,12,3,39,3,4,38,5
39,Yes,Travel_Rarely,610,Sales,12,2,Male,79,1,Healthcare Representative,1,Married,16680,2,No,20,3,25,6,1,36,3
53,Yes,Travel_Rarely,729,Research & Development,3,3,Female,43,4,Sales Executive,3,Married,10063,4,Yes,24,4,18,5,2,12,17
21,Yes,Travel_Frequently,958,Sales,28,4,Female,36,3,Manufacturing Director,3,Single,8039,6,No,12,3,32,6,2,38,15
35,No,Travel_Rarely,660,Research & Development,1,5,Female,34,2,Research Director,3,Married,4610,7,No,14,3,33,4,2,23,17
20,Yes,Non-Travel,286,Sales,25,1,Male,85,2,Manufacturing Director,4,Divorced,8636,9,Yes,21,4,17,2,2,39,13
52,No,Travel_Frequently,1156,Research & Development,26,1,Female,96,5,Healthcare Representative,2,Married,19934,1,No,22,4,29,6,4,1,2
21,No,Travel_Rarely,705,Research & Development,27,1,Female,59,5,Human Resources,3,Married,5330,6,No,14,3,3,3,1,23,8
36,No,Travel_Frequently,179,Research & Development,13,1,Male,41,5,Manufacturing Director,4,Single,19012,9,No,11,3,6,2,3,39,12
25,No,Non-Travel,936,Research & Development,22,2,Male,87,3,Manager,4,Married,6316,1,No,21,4,33,5,3,38,1
47,No,Travel_Rarely,664,Sales,27,2,Female,30,4,Healthcare Representative,2,Single,3379,9,No,14,4,20,6,4,23,16
34,No,Travel_Rarely,850,Research & Development,24,1,Male,52,5,Sales Representative,2,Divorced,14631,8,No,22,4,32,3,1,1,15
41,No,Travel_Rarely,1300,Human Resources,25,5,Male,97,4,Manager,4,Single,9672,1,Yes,15,3,22,5,4,39,17
58,No,Travel_Rarely,369,Research & Development,14,5,Male,57,2,Research Director,3,Divorced,14902,2,Yes,24,3,4,3,1,6,5
56,Yes,Travel_Rarely,1035,Sales,21,1,Female,83,5,Research Director,2,Married,19736,1,Yes,23,4,6,3,3,12,5
35,Yes,Non-Travel,267,Research & Development,6,2,Male,55,4,Human Resources,4,Married,3820,0,No,11,4,21,3,1,35,11
33,No,Travel_Rarely,1188,Sales,26,2,Male,48,1,Manufacturing Director,4,Married,11424,3,Yes,21,4,4,3,1,21,14
30,Yes,Travel_Rarely,612,Research & Development,14,5,Male,52,1,Research Scientist,2,Single,6064,4,No,21,4,33,6,3,10,4
46,No,Travel_Rarely,1168,Sales,8,1,Male,91,3,Research Scientist,2,Single,10448,4,No,15,4,10,6,1,0,5
59,No,Travel_Rarely,159,Research & Development,9,5,Male,61,5,Research Director,3,Married,5878,8,No,23,3,27,5,2,7,6
43,Yes,Travel_Rarely,1026,Sales,24,1,Male,91,4,Research Director,1,Married,4718,4,No,22,3,10,4,2,30,11
41,No,Travel_Rarely,452,Sales,6,3,Male,99,4,Laboratory Technician,4,Married,10866,1,No,14,4,30,0,2,28,1
59,No,Travel_Rarely,648,Research & Development,20,3,Male,81,4,Healthcare Representative,2,Divorced,8975,6,No,22,4,11,2,1,6,9
25,No,Travel_Rarely,428,Sales,8,2,Male,50,5,Sales Executive,4,Single,15569,6,Yes,20,3,20,0,3,36,4
21,No,Travel_Frequently,659,Research & Development,17,1,Male,71,3,Manager,3,Married,10469,4,No,18,3,10,0,2,17,12
21,No,Travel_Frequently,1207,Research & Development,16,3,Male,55,3,Sales Representative,2,Single,12469,6,No,23,3,35,4,3,27,13
43,No,Travel_Rarely,173,Research & Development,18,5,Male,70,2,Research Scientist,1,Married,14568,1,No,18,3,21,2,1,26,16
55,No,Travel_Rarely,943,Sales,7,3,Male,79,3,Human Resources,1,Single,2047,7,No,14,3,20,0,1,4,6
27,No,Travel_Rarely,374,Research & Development,26,5,Male,97,2,Research Director,3,Divorced,9555,2,Yes,18,3,11,1,1,3,2
48,No,Travel_Frequently,656,Research & Development,25,2,Male,84,5,Human Resources,1,Married,10971,0,No,17,4,7,0,4,24,4
55,Yes,Travel_Rarely,881,Research & Development,27,4,Male,62,5,Human Resources,4,Married,13067,4,No,13,4,30,0,2,31,4
56,No,Travel_Rarely,236,Sales,14,5,Male,90,2,Sales Executive,2,Single,1767,2,Yes,19,4,2,3,1,37,0
51,No,Travel_Frequently,1352,Human Resources,5,2,Female,86,4,Healthcare Representative,4,Married,2936,5,No,22,4,2,4,1,32,10
33,No,Travel_Frequently,1053,Research & Development,16,5,Male,50,4,Manufacturing Director,2,Single,17131,4,No,23,4,26,5,1,23,11
45,Yes,Travel_Rarely,957,Sales,3,5,Female,37,4,Sales Executive,2,Married,15513,9,No,21,4,24,2,1,21,6
41,No,Travel_Frequently,1401,Sales,20,3,Male,59,1,Human Resources,1,Married,8997,4,No,17,3,13,5,1,16,5
38,No,Travel_Rarely,642,Research & Development,8,3,Male,79,1,Sales Executive,2,Single,1071,0,Yes,22,3,30,0,3,24,10
47,No,Travel_Rarely,298,Sales,6,1,Male,47,4,Sales Representative,4,Single,5926,5,No,24,3,2,0,3,38,2
46,No,Travel_Frequently,1264,Research & Development,23,1,Male,99,1,Laboratory Technician,4,Single,13203,8,No,22,3,17,2,4,3,14
51,No,Travel_Rarely,988,Sales,19,5,Female,97,5,Manager,2,Married,13930,2,No,22,4,36,4,4,19,4
41,Yes,Travel_Frequently,728,Research & Development,3,2,Male,30,3,Healthcare Representative,4,Single,16700,3,No,21,4,12,0,3,17,12
45,No,Travel_Frequently,220,Research & Development,25,5,Female,57,5,Research Scientist,1,Single,11496,1,No,17,4,31,0,3,12,12
30,No,Non-Travel,465,Research & Development,19,2,Male,48,1,Manufacturing Director,1,Single,15570,7,No,21,3,12,4,4,33,13
37,No,Travel_Frequently,916,Sales,8,2,Female,90,2,Sales Representative,1,Single,5490,1,No,16,3,9,2,4,21,9
52,No,Travel_Rarely,213,Research & Development,12,3,Male,84,1,Manager,1,Married,3806,2,No,24,3,13,2,1,3,2
50,No,Travel_Frequently,867,Research & Development,13,2,Male,76,3,Laboratory Technician,1,Married,7379,0,Yes,23,3,11,2,3,27,0
39,No,Travel_Rarely,1259,Research & Development,26,3,Female,81,1,Laboratory Technician,1,Single,17041,3,No,19,4,4,6,4,39,0
41,No,Travel_Rarely,729,Research & Development,16,3,Male,85,2,Sales Representative,4,Married,17844,8,Yes,21,3,36,0,4,7,2
28,No,Travel_Frequently,962,Research & Development,23,5,Female,81,2,Research Scientist,2,Married,2512,4,Yes,22,3,23,4,2,19,15
34,No,Travel_Rarely,404,Sales,1,5,Male,76,3,Manager,4,Married,4728,1,No,19,3,38,5,3,9,1
45,No,Travel_Rarely,913,Sales,15,4,Female,98,1,Human Resources,4,Divorced,2269,7,No,22,4,24,5,2,0,8
22,No,Travel_Rarely,357,Sales,3,5,Female,68,2,Manager,3,Married,15513,3,No,21,3,35,0,3,17,8
18,No,Travel_Rarely,1108,Sales,11,2,Male,36,4,Laboratory Technician,1,Married,16630,1,No,14,3,15,2,3,13,11
43,No,Travel_Rarely,845,Research & Development,16,4,Female,59,3,Sales Representative,1,Married,18617,0,Yes,13,3,7,6,3,36,2
48,No,Travel_Rarely,947,Sales,24,3,Female,77,3,Human Resources,3,Married,4475,3,No,18,4,38,5,4,20,1
59,No,Travel_Rarely,549,Research & Development,8,3,Male,91,5,Manager,4,Single,10862,1,No,11,4,33,6,1,25,15
37,No,Travel_Frequently,591,Sales,7,4,Male,74,3,Manager,1,Single,9498,5,Yes,21,4,36,5,1,38,12
23,No,Travel_Rarely,1022,Research & Development,24,2,Female,49,5,Manager,3,Divorced,19555,4,No,20,4,36,0,4,21,10
44,No,Travel_Frequently,964,Research & Development,16,2,Female,44,5,Sales Executive,1,Divorced,18795,6,Yes,12,4,11,6,2,28,1
30,Yes,Travel_Rarely,1068,Research & Development,21,3,Female,88,3,Sales Executive,1,Divorced,16903,2,No,15,3,21,5,2,21,12
24,No,Travel_Frequently,297,Research & Development,27,1,Female,44,3,Manager,3,Married,4977,0,No,18,4,29,4,4,23,14
44,No,Travel_Rarely,364,Research & Development,2,3,Male,31,2,Healthcare Representative,3,Divorced,7350,1,No,21,4,35,0,3,8,15
48,No,Travel_Rarely,515,Research & Development,17,4,Male,75,5,Human Resources,3,Married,15832,0,No,11,3,4,6,3,38,1
20,No,Travel_Rarely,642,Research & Development,3,1,Male,66,4,Healthcare Representative,2,Married,12568,2,No,18,4,37,6,4,12,10
48,No,Travel_Frequently,852,Research & Development,27,3,Male,75,1,Research Director,2,Divorced,12107,7,No,14,3,30,6,2,11,1
42,No,Travel_Frequently,828,Research & Development,13,2,Female,62,4,Manager,4,Divorced,2440,5,No,16,3,18,2,2,13,6
49,No,Travel_Rarely,198,Research & Development,13,1,Female,72,2,Laboratory Technician,2,Married,8713,3,No,17,3,29,6,1,15,6
44,No,Travel_Frequently,151,Research & Development,6,1,Female,54,5,Research Director,3,Married,19529,2,Yes,13,4,11,0,4,14,2
37,No,Travel_Frequently,1250,Research & Development,18,3,Female,62,2,Sales Executive,2,Married,9729,1,No,15,4,14,4,1,30,3
32,No,Travel_Rarely,912,Sales,16,3,Female,41,1,Sales Representative,3,Married,17784,1,No,16,3,7,5,2,28,16
44,No,Travel_Rarely,164,Sales,27,3,Male,78,5,Healthcare Representative,4,Married,8800,2,No,21,3,15,1,2,23,17
26,Yes,Travel_Rarely,1293,Human Resources,1,1,Male,71,4,Sales Representative,2,Single,17104,4,No,15,4,12,6,4,11,9
41,No,Non-Travel,622,Research & Development,21,1,Male,52,5,Sales Executive,4,Divorced,16719,5,Yes,19,4,23,4,2,8,8
49,No,Travel_Rarely,1027,Human Resources,27,1,Female,69,5,Research Scientist,1,Single,12821,9,Yes,16,3,17,1,1,27,17
27,No,Travel_Rarely,736,Research & Development,26,4,Male,46,3,Laboratory Technician,3,Single,16466,9,No,14,3,11,6,1,30,8
21,No,Travel_Rarely,370,Sales,18,4,Female,81,3,Manager,3,Married,1919,2,No,12,4,15,0,3,16,7
18,No,Travel_Rarely,1052,Research & Development,24,3,Male,71,5,Human Resources,4,Married,8100,7,No,11,4,22,6,4,10,0
41,No,Travel_Rarely,609,Sales,2,1,Male,75,2,Human Resources,2,Single,2699,1,Yes,15,3,31,6,1,18,2
35,No,Travel_Rarely,318,Research & Development,3,1,Male,73,2,Manager,3,Single,14249,7,Yes,14,3,35,6,3,22,8
45,No,Travel_Rarely,412,Research & Development,20,2,Male,88,3,Research Scientist,3,Divorced,6560,9,No,21,3,10,2,1,2,5
52,Yes,Travel_Rarely,1249,Research & Development,8,5,Male,86,3,Research Director,1,Married,11109,6,No,18,4,17,3,1,34,1
59,No,Non-Travel,828,Research & Development,20,1,Male,49,5,Research Director,4,Divorced,17009,5,No,11,3,28,5,1,28,13
31,No,Travel_Frequently,697,Research & Development,21,3,Male,59,1,Healthcare Representative,2,Divorced,15217,3,Yes,21,4,8,5,1,11,11
22,No,Travel_Rarely,1193,Research & Development,19,3,Male,68,3,Sales Executive,2,Married,13666,8,No,16,3,29,1,3,33,1
49,Yes,Travel_Rarely,452,Sales,25,5,Male,83,3,Research Scientist,4,Married,1959,9,Yes,19,3,22,3,4,30,17
18,No,Non-Travel,312,Research & Development,7,2,Female,32,5,Research Director,1,Single,12710,7,No,12,3,5,2,1,20,4
44,No,Travel_Rarely,239,Research & Development,23,2,Male,94,2,Research Scientist,3,Divorced,7390,0,No,11,4,26,4,4,34,5
29,No,Travel_Rarely,244,Research & Development,23,4,Male,52,4,Manufacturing Director,1,Married,19804,8,Yes,12,3,6,5,1,8,3
32,Yes,Travel_Rarely,1394,Sales,9,3,Female,59,3,Sales Representative,4,Divorced,7385,8,No,17,4,21,3,4,12,14
23,No,Travel_Rarely,1360,Sales,6,1,Male,48,5,Research Scientist,4,Divorced,15240,3,No,23,4,12,6,4,39,17
18,No,Non-Travel,665,Research & Development,18,4,Female,67,3,Manufacturing Director,3,Single,12342,2,Yes,24,3,0,2,3,7,17
26,No,Travel_Rarely,761,Research & Development,25,5,Female,49,1,Sales Representative,2,Divorced,7380,7,Yes,22,4,27,5,2,34,1
36,No,Travel_Rarely,634,Research & Development,19,5,Female,93,3,Healthcare Representative,4,Divorced,4952,6,Yes,23,4,26,3,4,34,17
30,No,Travel_Frequently,867,Sales,4,1,Male,52,5,Research Director,1,Married,5943,7,Yes,21,4,10,0,2,15,1
34,No,Travel_Rarely,353,Research & Development,13,4,Female,51,1,Research Scientist,4,Divorced,11105,9,No,21,3,1,2,1,18,13
22,No,Travel_Rarely,1023,Research & Development,12,4,Male,31,4,Manager,2,Married,17833,3,No,16,3,35,5,2,37,11
23,No,Travel_Frequently,809,Research & Development,17,4,Male,80,3,Manufacturing Director,4,Married,19616,8,Yes,14,4,16,2,1,12,15
49,No,Non-Travel,1378,Sales,17,3,Male,94,4,Manager,3,Single,6983,4,No,19,4,34,5,2,14,9
52,No,Travel_Rarely,548,Research & Development,28,4,Male,70,2,Research Scientist,4,Married,1835,8,No,11,4,16,4,1,0,6
49,No,Travel_Rarely,1165,Research & Development,24,3,Male,93,5,Sales Representative,3,Married,5199,2,No,13,3,29,2,2,14,11
58,No,Travel_Frequently,333,Sales,16,1,Female,58,1,Research Scientist,2,Single,10569,8,No,17,4,33,1,3,7,10
48,Yes,Travel_Rarely,231,Sales,4,1,Male,78,3,Research Director,4,Married,8635,7,No,19,4,27,5,3,8,3
23,No,Travel_Rarely,1153,Research & Development,6,4,Male,90,3,Research Director,3,Single,3635,4,No,16,4,34,4,1,20,11
48,No,Travel_Rarely,1342,Research & Development,5,3,Male,81,2,Manufacturing Director,3,Married,4297,9,Yes,21,3,2,2,2,30,12
27,No,Travel_Rarely,1356,Sales,15,3,Male,40,1,Sales Representative,2,Married,12068,3,No,20,4,31,0,3,33,3
50,No,Travel_Rarely,184,Research & Development,5,5,Female,97,5,Healthcare Representative,3,Divorced,6071,7,Yes,14,4,28,2,2,14,11
44,No,Travel_Rarely,594,Research & Development,5,2,Female,32,3,Research Director,4,Single,5582,5,Yes,11,3,32,0,1,20,5
53,Yes,Travel_Frequently,763,Research & Development,5,5,Female,38,5,Human Resources,2,Single,8164,1,Yes,14,3,25,5,3,3,9
57,Yes,Travel_Rarely,502,Sales,20,2,Female,44,2,Research Director,3,Single,18147,2,No,23,3,8,1,3,11,6
46,No,Travel_Rarely,519,Research & Development,8,3,Female,80,4,Laboratory Technician,1,Divorced,17016,8,Yes,14,4,24,2,1,12,11
57,No,Travel_Rarely,623,Research & Development,26,2,Male,91,3,Manager,1,Married,7047,4,No,21,4,28,1,4,37,1
40,No,Travel_Rarely,136,Sales,14,4,Male,67,3,Sales Executive,4,Single,15586,8,No,20,3,39,6,2,33,3
57,Yes,Travel_Rarely,1393,Sales,19,1,Male,54,3,Laboratory Technician,2,Single,19207,1,No,24,4,29,5,3,14,8
21,No,Non-Travel,522,Human Resources,15,2,Male,62,2,Manufacturing Director,1,Single,6334,7,No,23,3,33,6,1,6,12
36,No,Travel_Rarely,917,Sales,25,2,Female,77,1,Healthcare Representative,1,Married,1087,8,No,23,4,31,5,2,6,14
50,Yes,Travel_Rarely,1205,Sales,4,4,Female,45,4,Research Director,1,Married,5402,9,Yes,15,3,4,0,1,20,3
59,No,Travel_Frequently,333,Research & Development,21,1,Male,46,2,Sales Executive,2,Married,16810,7,No,17,3,31,4,1,37,11
54,No,Travel_Rarely,389,Research & Development,17,4,Male,50,3,Healthcare Representative,2,Single,3025,4,Yes,17,3,28,3,2,23,17
33,No,Travel_Rarely,985,Sales,13,4,Female,64,3,Research Director,1,Married,5978,0,Yes,20,3,6,4,1,15,11
44,No,Travel_Rarely,1490,Research & Development,20,4,Female,81,5,Laboratory Technician,2,Married,19123,2,No,13,3,7,4,2,33,0
21,No,Travel_Rarely,662,Research & Development,16,3,Female,66,5,Research Director,4,Single,4837,6,Yes,22,3,10,4,3,19,10
22,No,Travel_Rarely,1375,Research & Development,18,4,Female,36,1,Sales Executive,4,Single,10108,8,No,20,3,23,4,4,8,6
47,No,Non-Travel,126,Research & Development,15,1,Female,47,1,Healthcare Representative,3,Single,17798,7,No,13,4,31,5,2,33,0
31,No,Travel_Rarely,1131,Sales,4,3,Male,33,5,Human Resources,3,Married,17092,6,No,11,3,35,6,1,36,7
41,Yes,Travel_Frequently,1456,Research & Development,11,4,Male,57,1,Manufacturing Director,4,Married,6789,8,No,11,3,5,3,4,11,0
26,No,Travel_Frequently,1143,Research & Development,28,2,Male,65,4,Manager,4,Married,5755,3,Yes,16,3,39,0,2,39,2
51,No,Travel_Rarely,262,Research & Development,3,1,Male,48,4,Research Scientist,1,Married,12096,3,Yes,15,3,4,0,4,21,3
21,No,Travel_Rarely,117,Sales,7,2,Female,33,5,Manufacturing Director,3,Single,7137,0,No,13,3,23,0,3,9,4
44,No,Non-Travel,679,Research & Development,20,3,Female,37,2,Sales Executive,2,Divorced,15000,6,No,17,4,39,6,1,34,16
46,No,Non-Travel,882,Sales,5,1,Male,78,2,Research Scientist,1,Married,13857,1,No,11,4,16,3,4,5,4
52,No,Travel_Frequently,1020,Research & Development,2,5,Male,60,2,Laboratory Technician,4,Single,8969,2,Yes,19,4,38,3,1,10,15
28,No,Travel_Rarely,1398,Sales,22,4,Male,97,1,Human Resources,3,Divorced,8789,0,No,17,4,25,1,2,14,2
32,No,Travel_Frequently,920,Research & Development,6,4,Male,69,2,Human Resources,3,Married,2933,8,Yes,14,3,13,6,1,35,10
41,No,Travel_Rarely,476,Sales,7,5,Female,51,2,Sales Executive,4,Married,14184,2,No,17,3,35,1,4,37,5
30,No,Travel_Rarely,107,Research & Development,13,3,Female,36,5,Sales Executive,1,Married,18524,8,No,17,4,0,6,4,7,6
48,No,Travel_Rarely,1404,Research & Development,24,4,Female,81,3,Sales Representative,2,Divorced,17645,2,No,22,3,30,4,4,0,9
49,No,Non-Travel,951,Research & Development,28,3,Male,55,3,Human Resources,4,Single,13305,0,No,20,3,15,2,1,34,17
49,No,Travel_Rarely,1050,Research & Development,8,4,Female,71,4,Healthcare Representative,1,Single,14832,9,Yes,14,3,28,4,4,21,12
38,No,Travel_Rarely,1117,Research & Development,9,1,Female,62,1,Healthcare Representative,1,Divorced,17955,2,No,22,4,1,6,3,15,1
44,No,Non-Travel,1219,Research & Development,15,5,Female,35,5,Manager,3,Divorced,5168,7,No,15,3,36,0,4,0,16
25,No,Non-Travel,1288,Research & Development,23,3,Male,95,3,Manufacturing Director,2,Divorced,15588,1,Yes,14,3,5,0,2,21,1
26,No,Travel_Rarely,1316,Research & Development,2,3,Male,38,3,Sales Representative,4,Single,2976,1,Yes,21,4,24,1,3,5,8
33,Yes,Travel_Frequently,358,Research & Development,12,2,Male,72,2,Research Scientist,3,Married,15706,3,No,22,3,8,4,2,22,11
26,Yes,Travel_Frequently,515,Research & Development,3,3,Male,40,2,Sales Executive,4,Married,5166,7,No,11,4,36,3,3,6,9
51,Yes,Travel_Rarely,153,Human Resources,7,3,Male,95,1,Sales Executive,3,Single,12210,0,No,24,4,33,4,3,8,9
28,No,Travel_Rarely,272,Sales,18,2,Female,49,3,Laboratory Technician,1,Single,1049,6,Yes,19,3,33,2,2,5,12
56,No,Travel_Rarely,1421,Research & Development,1,5,Male,66,5,Healthcare Representative,3,Divorced,1126,7,No,16,3,15,5,2,6,17
35,No,Travel_Frequently,693,Research & Development,25,3,Male,35,1,Laboratory Technician,1,Single,13335,1,No,21,3,7,3,4,28,3
49,Yes,Non-Travel,1052,Sales,3,4,Male,86,3,Manager,1,Single,17770,4,No,18,4,0,3,4,28,14
21,Yes,Travel_Frequently,891,Research & Development,24,5,Female,45,2,Sales Executive,4,Single,3102,9,Yes,24,3,8,3,1,18,0
48,No,Travel_Frequently,737,Sales,12,4,Male,36,4,Manufacturing Director,1,Married,16788,5,Yes,11,3,25,1,1,33,16
37,No,Travel_Rarely,328,Research & Development,16,2,Male,49,4,Research Scientist,3,Married,15348,7,No,18,4,13,6,4,38,7
52,No,Non-Travel,1114,Research & Development,12,4,Female,69,5,Laboratory Technician,2,Single,14814,7,No,20,3,2,0,3,5,12
25,Yes,Travel_Rarely,1152,Research & Development,11,1,Male,52,2,Manager,3,Divorced,6186,4,No,11,3,39,0,1,9,4
26,No,Travel_Rarely,321,Sales,18,4,Male,54,2,Sales Executive,2,Single,17685,7,No,23,4,35,3,4,30,16
54,No,Travel_Frequently,550,Human Resources,9,1,Female,35,3,Sales Representative,2,Married,12580,9,No,15,3,17,4,1,23,9
42,No,Travel_Rarely,1440,Research & Development,2,3,Male,80,1,Laboratory Technician,1,Single,4507,3,No,11,3,9,3,1,13,12
41,No,Travel_Frequently,1295,Research & Development,1,2,Male,54,3,Research Director,2,Married,17766,0,No,16,3,17,5,3,23,4
42,No,Travel_Rarely,1015,Research & Development,8,5,Female,91,2,Sales Representative,3,Divorced,6361,7,No,22,3,9,2,3,23,9
33,Yes,Travel_Frequently,1442,Research & Development,7,4,Male,58,2,Human Resources,3,Married,10463,3,No,24,3,2,1,1,23,13
57,No,Travel_Frequently,1327,Research & Development,1,4,Male,79,4,Manager,4,Single,3992,6,Yes,13,3,15,4,3,21,10
41,Yes,Non-Travel,960,Research & Development,3,4,Male,52,1,Manufacturing Director,3,Divorced,8412,1,Yes,16,4,6,1,4,1,3
18,No,Travel_Rarely,879,Sales,25,4,Male,36,2,Research Scientist,4,Married,13288,2,No,22,3,4,3,1,29,16
30,No,Travel_Rarely,1008,Sales,14,1,Male,74,4,Sales Executive,3,Married,18072,7,No,11,3,39,4,4,7,4
58,No,Travel_Rarely,1220,Sales,12,1,Male,73,3,Research Director,4,Divorced,9334,0,No,18,4,0,0,3,21,1
38,No,Travel_Rarely,1443,Research & Development,26,5,Male,98,5,Manager,1,Married,12743,4,No,18,4,33,1,4,21,11
48,No,Travel_Rarely,559,Research & Development,17,3,Female,82,1,Research Scientist,1,Married,2958,7,Yes,16,3,36,0,2,3,10
18,Yes,Travel_Rarely,521,Research & Development,4,4,Male,74,3,Sales Executive,3,Single,5543,4,No,15,4,17,1,3,11,8
18,No,Travel_Rarely,287,Research & Development,20,2,Female,32,1,Research Director,3,Single,11940,1,Yes,24,4,34,6,4,11,7
26,No,Travel_Frequently,116,Sales,20,5,Male,87,1,Sales Executive,2,Divorced,1798,6,No,16,4,20,0,2,8,0
39,Yes,Travel_Rarely,596,Sales,8,1,Male,41,3,Healthcare Representative,4,Married,7446,1,No,19,3,36,5,3,15,11
43,Yes,Non-Travel,450,Research & Development,19,3,Male,81,2,Laboratory Technician,2,Divorced,2145,5,No,21,4,33,1,3,11,3
20,No,Travel_Rarely,1355,Research & Development,4,4,Male,77,1,Sales Representative,1,Married,10323,4,No,11,3,27,3,2,22,10
56,No,Travel_Rarely,783,Research & Development,28,3,Male,86,5,Sales Executive,3,Divorced,6000,5,No,22,3,22,0,3,2,16
43,No,Travel_Rarely,1077,Sales,17,5,Male,52,4,Sales Executive,1,Married,5972,9,No,21,4,0,3,3,6,7
32,No,Travel_Rarely,392,Sales,8,1,Female,64,3,Research Scientist,1,Married,9777,8,No,13,4,11,6,1,20,10
36,No,Travel_Rarely,739,Research & Development,26,4,Male,34,5,Sales Representative,2,Single,4069,7,No,13,3,38,0,3,13,12
39,No,Travel_Frequently,1232,Research & Development,15,5,Male,54,1,Sales Representative,1,Single,15429,4,No,18,3,36,2,3,16,10
50,No,Travel_Rarely,430,Research & Development,25,1,Female,92,5,Sales Representative,3,Married,9569,7,No,23,3,28,1,1,2,9
21,No,Travel_Rarely,651,Sales,3,4,Male,44,5,Manager,2,Married,18153,1,Yes,23,4,19,4,4,10,8
42,No,Travel_Rarely,937,Sales,9,1,Female,96,3,Research Scientist,4,Single,5303,2,No,13,3,16,5,1,12,3
39,No,Travel_Rarely,382,Sales,13,4,Female,33,4,Laboratory Technician,1,Married,2190,4,Yes,19,3,16,1,3,0,12
51,No,Travel_Rarely,930,Research & Development,8,2,Male,56,2,Research Scientist,2,Married,8700,8,No,17,3,29,0,1,20,11
33,No,Travel_Rarely,960,Research & Development,15,5,Male,56,5,Research Scientist,4,Married,3004,3,No,20,4,10,6,3,2,7
33,No,Travel_Frequently,843,Research & Development,10,2,Female,99,3,Sales Representative,3,Married,8268,4,No,18,4,22,0,4,37,0
51,No,Travel_Frequently,333,Research & Development,25,2,Female,68,2,Healthcare Representative,2,Single,15659,9,No,19,4,25,6,3,1,0
53,Yes,Travel_Rarely,1132,Sales,7,1,Female,89,1,Manufacturing Director,3,Married,18867,9,Yes,18,4,26,3,2,7,14
52,Yes,Travel_Frequently,1272,Sales,6,4,Male,89,4,Research Scientist,2,Married,9704,0,No,11,3,6,5,3,20,1
54,No,Travel_Rarely,441,Sales,28,1,Male,68,5,Manager,4,Married,4557,5,No,18,3,32,5,1,1,16
22,No,Travel_Rarely,255,Sales,20,4,Male,80,4,Research Director,3,Married,8368,6,No,13,4,17,4,1,24,1
45,Yes,Travel_Frequently,815,Human Resources,1,2,Male,82,4,Sales Executive,2,Single,6448,6,No,17,4,37,2,2,15,1
46,No,Travel_Rarely,345,Sales,24,5,Male,65,4,Human Resources,1,Married,3298,9,Yes,18,3,17,2,3,0,3
29,No,Travel_Rarely,532,Sales,6,1,Female,95,2,Research Scientist,3,Divorced,16046,9,Yes,20,4,31,4,2,24,4
37,No,Travel_Rarely,1019,Research & Development,20,4,Male,60,2,Human Resources,4,Single,14894,2,No,22,4,4,3,1,2,5
59,No,Travel_Frequently,389,Research & Development,1,1,Female,80,4,Sales Representative,4,Single,6627,9,No,13,3,35,6,2,24,2
23,No,Travel_Rarely,614,Sales,8,1,Male,54,4,Human Resources,3,Divorced,10229,4,No,19,4,1,5,4,26,1
52,No,Travel_Rarely,566,Sales,24,5,Female,53,2,Research Scientist,4,Married,10129,0,Yes,22,3,22,6,2,13,13
31,No,Travel_Rarely,1101,Sales,1,5,Male,55,1,Manager,4,Single,9188,3,No,15,3,29,2,2,24,16
53,No,Travel_Rarely,1223,Sales,14,5,Female,43,4,Sales Executive,2,Married,15478,2,No,11,4,13,3,2,1,1
40,No,Travel_Rarely,1320,Research & Development,12,1,Female,86,5,Healthcare Representative,4,Divorced,14268,9,No,23,4,38,6,2,34,11
18,No,Travel_Rarely,261,Research & Development,7,5,Male,60,3,Research Scientist,1,Single,1092,6,No,22,3,26,2,2,36,9
22,No,Travel_Rarely,1177,Sales,4,3,Female,76,5,Sales Executive,4,Married,5265,3,Yes,20,3,36,5,4,6,12
52,Yes,Travel_Rarely,486,Research & Development,12,2,Male,43,5,Research Director,4,Divorced,19174,0,No,21,3,22,4,4,20,6
51,No,Non-Travel,1351,Sales,11,2,Male,77,4,Sales Representative,3,Single,8864,3,No,15,4,28,2,3,16,4
27,Yes,Travel_Rarely,846,Research & Development,3,1,Male,31,5,Manufacturing Director,4,Divorced,9798,3,No,22,3,2,6,3,31,13
44,No,Travel_Rarely,1389,Sales,21,4,Female,75,5,Manufacturing Director,1,Divorced,15465,4,No,24,3,2,1,2,8,11
39,No,Travel_Rarely,662,Sales,4,3,Female,61,2,Healthcare Representative,1,Married,15430,1,No,15,4,23,4,3,15,11
20,No,Travel_Rarely,549,Research & Development,11,1,Male,38,5,Manager,2,Married,11749,5,Yes,17,4,14,2,4,14,2
47,No,Travel_Frequently,1258,Sales,27,4,Male,53,3,Manager,1,Married,18495,5,No,22,4,16,6,1,33,9
24,No,Travel_Rarely,600,Sales,11,3,Male,32,2,Laboratory Technician,1,Married,12209,7,No,14,3,24,3,4,20,16
35,No,Non-Travel,1190,Research & Development,20,4,Male,36,2,Manufacturing Director,1,Single,17659,5,No,20,3,14,4,4,31,9
18,Yes,Travel_Rarely,173,Research & Development,13,1,Female,86,4,Human Resources,2,Single,9643,7,No,11,3,39,2,1,3,16
28,No,Non-Travel,1049,Research & Development,18,5,Male,91,5,Sales Executive,3,Single,5193,1,No,24,3,28,0,1,3,13
57,No,Travel_Frequently,1370,Sales,22,2,Male,87,2,Manufacturing Director,1,Married,3117,1,No,11,4,24,6,2,37,6
39,No,Travel_Rarely,496,Sales,14,3,Female,38,3,Laboratory Technician,2,Married,11552,5,No,11,3,35,3,3,2,8
48,Yes,Non-Travel,1479,Research & Development,19,1,Female,70,5,Laboratory Technician,3,Divorced,17936,9,No,16,4,0,4,3,26,5
30,Yes,Travel_Frequently,131,Sales,14,5,Male,74,5,Research Scientist,1,Married,8807,3,No,22,4,7,6,3,5,7
19,No,Travel_Rarely,277,Research & Development,9,3,Male,54,3,Sales Executive,2,Married,14807,7,No,13,3,33,2,4,20,3
43,No,Travel_Frequently,540,Research & Development,22,4,Male,69,5,Human Resources,4,Married,11118,9,No,19,3,31,0,2,32,0
28,No,Travel_Rarely,540,Research & Development,11,4,Male,49,5,Research Director,2,Married,16319,0,Yes,15,4,23,5,3,18,13
22,No,Travel_Rarely,941,Research & Development,2,1,Male,98,2,Sales Representative,1,Married,15814,0,Yes,24,3,6,4,1,10,4
38,No,Travel_Rarely,1313,Sales,8,4,Male,47,3,Human Resources,4,Single,14254,6,No,17,4,11,4,1,6,16
35,No,Travel_Rarely,243,Research & Development,19,2,Male,47,1,Research Director,4,Single,7740,8,No,17,3,23,2,3,15,6
22,No,Travel_Rarely,1147,Research & Development,19,3,Female,83,1,Research Scientist,4,Married,8830,6,No,11,4,3,6,4,37,11
42,No,Non-Travel,1252,Research & Development,16,3,Male,46,4,Research Director,2,Divorced,10071,9,Yes,14,3,33,2,3,23,10
36,Yes,Travel_Rarely,914,Research & Development,13,4,Female,93,1,Research Director,1,Divorced,16620,0,No,11,4,13,0,3,18,4
59,Yes,Travel_Rarely,1480,Research & Development,9,2,Male,73,2,Sales Executive,2,Married,12554,5,No,23,4,36,3,4,26,12
21,No,Travel_Rarely,236,Research & Development,2,5,Female,93,1,Research Director,4,Married,4265,7,No,17,3,21,5,1,21,8
38,Yes,Travel_Rarely,1132,Research & Development,7,3,Female,69,2,Sales Representative,4,Married,6146,6,Yes,15,3,12,2,3,17,17
51,Yes,Travel_Rarely,684,Research & Development,28,4,Female,97,2,Human Resources,1,Married,6925,0,Yes,14,4,1,3,3,6,6
35,No,Travel_Rarely,681,Research & Development,25,4,Male,86,3,Healthcare Representative,1,Single,12528,1,No,20,3,32,6,4,17,4
26,No,Travel_Rarely,940,Research & Development,3,3,Male,86,4,Sales Representative,2,Single,15544,9,Yes,19,3,26,4,2,10,0
59,No,Travel_Frequently,1215,Sales,27,3,Female,42,3,Sales Representative,1,Single,3836,3,No,15,4,35,2,3,13,9
31,No,Travel_Rarely,774,Research & Development,22,4,Male,86,4,Manager,1,Divorced,14738,1,No,14,3,8,2,4,12,9
56,No,Travel_Rarely,482,Sales,3,5,Male,51,3,Human Resources,2,Married,12814,1,No,24,4,6,5,2,3,13
53,No,Travel_Rarely,473,Sales,12,2,Male,88,4,Research Scientist,2,Married,4935,1,No,11,4,9,5,2,20,3
46,No,Travel_Rarely,1434,Research & Development,5,2,Female,30,2,Manufacturing Director,3,Divorced,3728,5,Yes,18,3,15,0,4,5,5
50,No,Travel_Rarely,680,Research & Development,21,5,Male,34,2,Sales Executive,4,Married,3799,5,Yes,24,3,15,5,1,16,4
40,No,Non-Travel,614,Sales,19,5,Male,80,1,Manager,3,Married,15738,9,No,15,3,31,2,4,35,9
46,No,Travel_Rarely,892,Sales,7,2,Female,34,3,Sales Executive,3,Divorced,5480,4,No,11,4,38,0,4,33,4
29,Yes,Non-Travel,1065,Research & Development,22,2,Male,52,1,Laboratory Technician,4,Single,4693,0,Yes,22,4,0,1,1,38,7
20,No,Non-Travel,153,Human Resources,9,4,Male,62,4,Sales Representative,3,Single,8941,5,No,23,4,21,6,2,5,16
44,No,Travel_Frequently,128,Research & Development,14,5,Male,46,4,Human Resources,4,Married,13278,4,No,11,3,25,1,3,33,7
51,No,Travel_Frequently,903,Research & Development,4,5,Male,81,5,Laboratory Technician,4,Single,9411,3,No,16,4,9,3,1,32,17
