VendorID,pickup_datetime,dropoff_datetime,passenger_count,trip_distance,PULocationID,DOLocationID,payment_type,fare_amount,tip_amount,tolls_amount,total_amount,trip_duration_minutes,hour_of_day,day_of_week,is_airport,congestion_surcharge,rate_code,store_and_fwd
2,2023-01-01 16:01:29,2023-01-01 16:21:29,,0.11,239,156,5,143.95,12.67,13.74,239.53,81,1,0,1,2.5,1,N
1,2023-01-24 10:54:20,2023-01-24 11:21:20,1.0,0.68,161,22,2,106.12,22.65,14.42,90.59,41,9,0,0,2.5,3,N
1,2023-01-11 16:19:29,2023-01-11 16:57:29,6.0,13.27,190,96,4,86.2,2.98,7.44,40.41,56,19,1,1,2.5,1,N
2,2023-01-03 04:43:41,2023-01-03 05:01:41,2.0,14.12,19,220,5,73.69,5.45,18.19,118.77,57,10,6,1,2.5,1,N
2,2023-01-15 18:06:37,2023-01-15 18:54:37,6.0,31.18,233,222,1,81.33,35.48,16.02,114.29,86,11,6,0,0.0,1,N
2,2023-01-25 15:18:15,2023-01-25 15:52:15,2.0,9.83,60,107,2,171.09,41.47,7.34,229.55,42,14,2,1,2.5,2,N
2,2023-01-20 21:34:16,2023-01-20 22:30:16,1.0,29.71,109,156,3,85.73,13.51,4.46,117.2,13,9,2,0,2.5,1,N
2,2023-01-18 20:24:03,2023-01-18 21:17:03,6.0,3.22,144,213,5,3.37,36.92,4.25,63.1,41,10,2,0,2.5,1,N
1,2023-01-29 14:11:45,2023-01-29 15:33:45,1.0,2.8,232,165,5,184.84,32.02,4.41,58.45,75,5,4,1,2.5,1,N
2,2023-01-21 04:11:51,2023-01-21 05:07:51,5.0,26.1,262,111,1,119.59,25.48,11.78,11.53,3,18,4,0,2.5,1,N
2,2023-01-29 16:15:02,2023-01-29 17:17:02,5.0,26.72,66,249,1,35.22,14.46,12.86,186.12,26,13,2,0,2.5,1,N
2,2023-01-27 20:19:25,2023-01-27 21:34:25,6.0,3.4,109,264,2,27.5,49.26,2.98,69.15,61,0,1,0,2.5,5,N
2,2023-01-16 10:06:14,2023-01-16 10:25:14,4.0,34.76,162,72,1,76.87,12.4,10.97,197.62,19,13,3,0,2.5,5,N
2,2023-01-03 03:02:24,2023-01-03 04:20:24,6.0,2.91,110,13,3,123.42,10.43,5.01,138.93,44,8,2,1,2.5,1,N
2,2023-01-18 01:44:43,2023-01-18 02:25:43,,30.96,22,210,2,187.99,5.5,18.21,178.78,16,0,3,0,2.5,1,N
2,2023-01-29 09:56:39,2023-01-29 10:56:39,1.0,6.87,207,29,2,13.25,32.95,17.13,53.19,13,12,0,1,2.5,2,N
1,2023-01-21 22:35:02,2023-01-21 23:41:02,2.0,0.87,150,215,1,72.17,45.06,2.31,41.28,66,2,1,1,0.0,1,N
1,2023-01-07 15:41:52,2023-01-07 16:01:52,1.0,29.93,35,207,2,53.29,6.71,5.05,106.28,70,4,6,1,2.5,1,N
1,2023-01-26 01:26:07,2023-01-26 02:16:07,,6.53,170,17,1,85.68,5.22,18.89,91.13,5,14,2,0,2.5,1,N
2,2023-01-26 04:12:34,2023-01-26 04:39:34,3.0,18.58,241,146,2,158.94,45.22,5.98,128.02,49,12,3,0,2.5,1,N
2,2023-01-23 08:33:49,2023-01-23 08:49:49,4.0,28.96,171,192,3,33.81,33.03,16.32,187.83,39,6,1,0,2.5,1,N
1,2023-01-05 17:11:19,2023-01-05 18:30:19,5.0,5.5,127,22,2,187.16,48.45,1.01,227.49,34,20,6,1,2.5,1,N
1,2023-01-22 14:46:06,2023-01-22 15:57:06,4.0,25.96,207,221,4,53.15,35.51,7.76,149.79,63,23,1,1,0.0,5,N
1,2023-01-26 22:57:26,2023-01-26 23:15:26,6.0,18.65,72,29,3,151.16,38.59,12.3,58.79,58,2,2,0,2.5,1,N
2,2023-01-14 10:02:16,2023-01-14 10:21:16,6.0,9.03,26,143,2,128.8,23.09,7.99,75.97,14,5,2,0,2.5,1,N
1,2023-01-21 13:26:50,2023-01-21 13:35:50,2.0,1.55,130,6,4,110.69,11.92,15.81,226.7,87,0,5,1,2.5,3,N
1,2023-01-27 01:38:37,2023-01-27 02:10:37,5.0,9.28,74,30,5,169.17,28.46,19.6,54.78,21,3,5,0,0.0,1,N
1,2023-01-23 00:21:29,2023-01-23 00:44:29,2.0,14.92,130,195,3,122.41,17.91,10.27,26.45,50,8,1,0,2.5,1,N
1,2023-01-20 21:02:02,2023-01-20 22:08:02,5.0,12.94,184,21,5,157.04,23.49,9.27,230.53,15,1,1,1,2.5,1,N
2,2023-01-13 11:50:28,2023-01-13 12:27:28,4.0,25.12,225,239,2,118.86,25.78,14.09,9.59,54,22,1,0,0.0,1,N
1,2023-01-05 18:37:22,2023-01-05 20:04:22,,14.4,157,7,3,144.79,1.33,15.07,187.98,4,16,1,1,2.5,1,N
2,2023-01-09 02:45:38,2023-01-09 03:36:38,2.0,13.37,162,167,3,11.88,30.43,1.2,38.96,25,1,3,1,2.5,1,N
1,2023-01-18 22:49:52,2023-01-19 00:09:52,6.0,28.45,252,98,5,129.91,17.93,8.75,167.59,42,6,1,0,2.5,1,N
2,2023-01-23 02:08:45,2023-01-23 02:18:45,4.0,16.29,241,161,4,178.08,40.61,9.99,49.05,10,17,0,1,2.5,1,N
2,2023-01-10 07:36:08,2023-01-10 09:03:08,5.0,34.49,208,165,3,130.94,2.82,6.15,224.6,45,6,5,0,2.5,1,N
1,2023-01-12 10:33:48,2023-01-12 11:03:48,5.0,20.15,241,171,2,164.08,27.81,15.18,15.32,53,11,2,0,2.5,1,N
1,2023-01-07 02:12:29,2023-01-07 02:48:29,5.0,32.81,125,152,1,198.22,18.0,17.74,78.21,85,2,1,1,2.5,1,N
1,2023-01-11 12:23:15,2023-01-11 13:17:15,2.0,30.89,204,254,5,33.36,4.66,16.91,196.41,34,20,1,1,2.5,1,N
2,2023-01-20 11:10:17,2023-01-20 11:50:17,2.0,14.55,142,136,1,138.6,20.68,12.68,143.13,66,1,5,1,2.5,1,N
1,2023-01-01 00:26:57,2023-01-01 00:55:57,1.0,21.48,163,226,4,179.71,20.46,15.88,107.2,25,2,4,1,0.0,1,N
2,2023-01-20 06:25:12,2023-01-20 06:41:12,6.0,5.01,175,111,3,8.18,37.67,4.65,110.58,87,5,2,1,2.5,5,N
1,2023-01-02 21:04:17,2023-01-02 21:42:17,4.0,18.49,21,162,4,36.8,7.6,0.51,127.07,86,8,5,0,2.5,1,N
2,2023-01-29 15:23:47,2023-01-29 16:06:47,,14.9,3,181,5,51.81,41.52,10.27,248.73,68,9,2,0,2.5,1,N
1,2023-01-23 04:11:15,2023-01-23 04:24:15,3.0,16.98,253,103,1,176.36,2.4,8.2,169.39,20,16,1,0,2.5,1,N
2,2023-01-30 06:52:45,2023-01-30 08:02:45,4.0,6.53,97,235,1,195.5,25.79,17.63,123.3,88,15,2,1,2.5,1,N
2,2023-01-12 01:54:51,2023-01-12 02:11:51,1.0,30.33,14,72,2,182.92,32.45,15.78,82.5,37,0,0,1,2.5,1,N
2,2023-01-13 06:19:38,2023-01-13 06:27:38,4.0,2.89,33,220,3,96.12,0.72,7.64,127.44,23,2,3,0,0.0,1,N
1,2023-01-15 09:44:49,2023-01-15 10:14:49,6.0,27.36,11,51,1,134.36,3.46,0.35,230.89,37,7,5,1,0.0,1,N
2,2023-01-06 08:32:00,2023-01-06 09:02:00,4.0,33.05,64,190,5,23.03,13.68,5.5,57.09,16,8,2,1,2.5,1,N
2,2023-01-22 13:46:36,2023-01-22 14:14:36,6.0,3.81,194,221,4,195.87,19.07,7.21,88.33,33,18,4,0,2.5,1,N
2,2023-01-05 05:07:47,2023-01-05 06:30:47,4.0,15.24,220,78,5,188.95,17.33,13.52,19.05,36,23,2,0,2.5,1,N
1,2023-01-26 08:42:07,2023-01-26 09:36:07,3.0,20.51,17,68,2,120.27,48.57,18.07,158.42,89,6,5,1,2.5,1,N
1,2023-01-30 05:27:57,2023-01-30 05:45:57,2.0,34.7,146,250,5,30.77,8.35,4.42,192.45,45,16,6,0,2.5,1,N
2,2023-01-08 17:47:26,2023-01-08 18:34:26,,30.3,176,168,2,189.62,44.54,15.72,159.11,67,6,3,1,2.5,1,N
2,2023-01-12 21:02:20,2023-01-12 21:30:20,4.0,14.56,229,229,1,179.42,47.23,14.57,203.52,74,23,4,1,2.5,1,N
2,2023-01-02 00:35:18,2023-01-02 02:00:18,3.0,33.88,240,252,5,198.16,8.78,7.06,193.37,85,14,4,0,2.5,1,N
1,2023-01-11 06:48:13,2023-01-11 08:12:13,3.0,11.66,236,252,1,102.8,37.93,0.32,243.2,49,1,6,1,2.5,1,N
1,2023-01-07 07:19:44,2023-01-07 08:12:44,4.0,11.97,191,218,4,71.26,49.91,0.65,114.75,53,2,6,0,2.5,1,N
1,2023-01-19 15:13:31,2023-01-19 15:45:31,4.0,17.77,214,165,2,76.99,12.39,12.38,23.77,85,9,6,1,0.0,1,N
1,2023-01-24 14:52:48,2023-01-24 15:05:48,5.0,27.31,198,252,4,100.68,25.14,16.94,135.24,61,10,0,1,2.5,1,N
1,2023-01-02 17:15:57,2023-01-02 18:30:57,6.0,6.81,202,89,2,182.68,37.94,12.64,193.44,27,5,2,0,2.5,1,N
2,2023-01-06 04:08:27,2023-01-06 04:12:27,1.0,26.01,240,145,1,27.92,36.74,15.47,103.52,54,1,3,0,2.5,1,N
2,2023-01-20 09:39:55,2023-01-20 10:06:55,1.0,0.19,45,120,5,130.58,41.66,10.06,113.96,52,22,5,1,2.5,5,N
1,2023-01-14 17:27:33,2023-01-14 18:17:33,5.0,9.26,23,91,2,183.25,17.41,5.26,185.13,53,16,3,0,2.5,1,N
2,2023-01-27 06:32:25,2023-01-27 06:56:25,6.0,34.11,72,87,4,56.57,6.03,0.8,7.16,59,21,3,1,2.5,1,N
2,2023-01-24 15:15:34,2023-01-24 16:20:34,4.0,23.01,253,258,1,106.23,33.82,16.35,165.35,39,6,3,0,2.5,1,N
2,2023-01-22 17:28:26,2023-01-22 17:46:26,4.0,16.24,187,93,5,159.41,16.98,9.48,177.68,15,13,4,1,2.5,1,N
1,2023-01-30 03:24:26,2023-01-30 04:41:26,5.0,25.64,125,29,4,104.16,32.3,17.53,242.76,34,15,4,0,2.5,5,N
1,2023-01-13 12:33:58,2023-01-13 12:40:58,6.0,15.29,80,113,3,106.68,23.67,7.4,183.3,71,7,5,1,2.5,1,N
1,2023-01-20 16:22:04,2023-01-20 16:53:04,3.0,3.82,53,100,5,153.91,22.93,5.52,35.33,89,15,2,1,2.5,3,N
1,2023-01-04 11:37:19,2023-01-04 12:15:19,2.0,17.47,100,248,3,35.03,44.08,13.34,126.08,58,13,4,0,2.5,1,N
2,2023-01-03 21:54:30,2023-01-03 23:22:30,5.0,33.44,253,207,2,143.7,32.02,12.09,103.27,70,20,0,1,2.5,1,N
1,2023-01-08 05:41:41,2023-01-08 06:45:41,1.0,9.61,249,132,2,182.99,31.23,14.08,102.03,18,20,3,1,2.5,2,N
1,2023-01-09 21:17:51,2023-01-09 22:46:51,1.0,1.95,258,220,4,22.63,48.54,1.82,196.92,71,22,2,0,2.5,1,N
1,2023-01-08 23:06:21,2023-01-08 23:52:21,4.0,25.97,188,108,3,14.39,13.49,1.67,146.53,38,13,0,0,2.5,1,N
2,2023-01-21 03:18:05,2023-01-21 04:42:05,2.0,15.96,156,60,3,19.78,34.43,11.42,183.53,63,1,1,0,2.5,1,N
1,2023-01-12 13:08:39,2023-01-12 13:45:39,4.0,11.78,29,170,4,147.74,17.78,10.97,187.21,58,18,6,0,2.5,1,N
1,2023-01-22 00:54:59,2023-01-22 00:58:59,3.0,17.12,158,165,4,79.77,29.95,1.86,173.02,68,9,3,0,2.5,1,N
1,2023-01-05 00:00:35,2023-01-05 00:19:35,5.0,32.56,192,76,4,94.24,40.86,8.6,190.17,66,16,0,0,2.5,1,N
2,2023-01-11 14:43:26,2023-01-11 15:18:26,2.0,8.83,112,46,4,146.35,46.14,12.67,56.98,58,16,6,1,2.5,1,N
2,2023-01-18 06:28:14,2023-01-18 07:30:14,4.0,7.1,211,3,4,105.81,21.36,10.84,27.38,38,2,0,0,2.5,1,N
2,2023-01-30 19:10:56,2023-01-30 19:30:56,5.0,18.73,157,102,4,121.02,41.6,3.73,42.83,73,4,4,0,2.5,1,N
2,2023-01-11 23:44:39,2023-01-12 00:08:39,4.0,16.27,243,194,5,170.5,16.75,18.56,202.76,65,18,0,0,2.5,1,N
1,2023-01-18 01:20:50,2023-01-18 02:19:50,2.0,5.33,29,214,4,91.62,33.05,0.69,239.15,14,13,5,0,2.5,1,N
1,2023-01-15 21:23:13,2023-01-15 21:27:13,6.0,20.36,182,89,1,175.28,43.88,5.45,234.4,24,5,4,0,2.5,1,N
2,2023-01-01 09:03:00,2023-01-01 10:22:00,1.0,20.15,92,176,5,105.83,34.27,1.35,6.17,25,20,5,0,2.5,1,N
1,2023-01-09 13:17:53,2023-01-09 14:43:53,2.0,21.23,26,63,2,81.87,35.29,5.67,248.78,28,20,2,1,0.0,1,N
2,2023-01-09 15:01:06,2023-01-09 16:14:06,4.0,14.53,81,50,4,54.06,41.88,13.71,221.97,63,5,6,1,2.5,1,N
2,2023-01-14 14:46:53,2023-01-14 16:10:53,2.0,10.22,203,142,4,146.74,12.62,0.48,52.12,3,7,6,0,2.5,1,N
2,2023-01-06 13:18:54,2023-01-06 13:34:54,4.0,11.56,50,83,4,125.33,37.34,0.78,140.68,24,4,3,0,2.5,1,N
2,2023-01-22 09:06:28,2023-01-22 09:26:28,5.0,29.22,174,43,3,162.12,31.88,4.12,246.2,44,13,4,1,2.5,1,N
1,2023-01-15 05:51:37,2023-01-15 07:09:37,4.0,21.92,54,64,3,110.47,27.29,0.55,119.34,17,18,2,0,2.5,1,N
2,2023-01-03 15:31:15,2023-01-03 15:53:15,3.0,13.99,121,74,1,173.7,48.75,7.8,238.5,18,6,5,0,0.0,1,N
2,2023-01-11 16:36:42,2023-01-11 17:39:42,4.0,21.5,39,84,2,59.27,20.63,4.6,137.32,39,0,4,1,2.5,1,N
2,2023-01-16 07:16:04,2023-01-16 08:09:04,4.0,12.3,202,136,1,146.77,11.74,6.44,88.06,54,0,1,0,2.5,1,N
1,2023-01-07 13:11:37,2023-01-07 13:39:37,5.0,30.21,232,232,5,80.18,41.96,16.74,42.65,31,6,2,1,2.5,1,N
1,2023-01-19 13:11:47,2023-01-19 13:50:47,4.0,25.49,140,259,5,25.0,9.26,8.64,28.71,86,18,2,0,2.5,1,N
2,2023-01-23 20:10:27,2023-01-23 20:51:27,1.0,3.62,104,153,1,106.84,37.26,0.3,177.55,38,8,3,1,2.5,2,N
1,2023-01-21 00:43:36,2023-01-21 02:03:36,2.0,2.06,248,65,5,48.19,46.41,10.94,83.91,89,17,4,1,2.5,3,N
2,2023-01-21 02:52:57,2023-01-21 03:41:57,3.0,1.27,251,52,4,14.69,41.08,2.19,103.71,51,21,1,0,2.5,1,N
1,2023-01-28 16:24:37,2023-01-28 17:03:37,3.0,1.06,247,124,2,74.23,31.66,1.19,234.49,34,22,1,1,2.5,1,N
2,2023-01-16 17:38:10,2023-01-16 18:38:10,6.0,17.44,208,179,1,195.56,46.16,6.55,52.36,12,7,3,0,0.0,2,N
2,2023-01-24 10:24:27,2023-01-24 10:37:27,1.0,6.41,60,140,4,179.09,24.45,5.44,95.2,66,13,2,1,2.5,2,N
1,2023-01-11 06:53:29,2023-01-11 07:23:29,5.0,23.64,43,35,1,196.01,3.78,2.23,227.66,49,17,6,0,2.5,1,N
2,2023-01-23 04:04:34,2023-01-23 04:54:34,2.0,16.95,117,189,1,8.14,36.75,5.97,235.33,86,4,5,1,2.5,1,N
2,2023-01-18 10:35:57,2023-01-18 11:31:57,4.0,3.36,151,83,1,32.69,35.84,9.68,201.28,87,16,1,1,2.5,1,N
1,2023-01-27 00:57:35,2023-01-27 01:08:35,2.0,0.3,53,139,1,48.93,43.27,5.02,97.64,48,4,4,1,2.5,1,N
1,2023-01-03 07:15:53,2023-01-03 07:44:53,1.0,1.38,39,228,1,148.01,20.3,0.65,33.99,23,13,4,1,2.5,1,N
2,2023-01-28 10:23:05,2023-01-28 11:04:05,1.0,18.71,88,195,2,195.68,7.25,17.85,197.98,31,9,6,0,2.5,1,N
1,2023-01-07 22:34:44,2023-01-07 22:36:44,3.0,20.57,93,140,5,82.76,5.13,13.03,210.24,8,9,5,0,2.5,1,N
2,2023-01-26 04:19:53,2023-01-26 05:11:53,5.0,12.42,60,230,2,117.76,17.27,14.13,179.57,15,7,3,1,2.5,1,N
2,2023-01-12 09:22:37,2023-01-12 10:38:37,3.0,2.85,123,54,2,19.97,39.65,8.16,86.34,38,11,1,1,2.5,1,N
2,2023-01-19 10:04:34,2023-01-19 11:29:34,6.0,32.72,136,75,5,126.77,26.07,11.47,164.15,17,9,1,1,2.5,1,N
1,2023-01-11 00:43:56,2023-01-11 01:41:56,,14.26,26,72,3,180.25,8.52,14.06,176.46,77,6,2,1,2.5,1,N
2,2023-01-26 07:01:48,2023-01-26 07:28:48,2.0,15.08,1,222,1,132.7,12.09,7.13,222.2,77,5,6,1,2.5,1,N
1,2023-01-22 18:26:55,2023-01-22 19:30:55,6.0,13.41,10,223,3,131.53,17.42,16.63,37.37,17,11,6,0,2.5,1,N
2,2023-01-10 19:01:00,2023-01-10 20:00:00,4.0,2.18,210,70,3,98.78,24.01,15.45,68.16,24,23,6,1,2.5,1,N
2,2023-01-04 23:47:10,2023-01-04 23:51:10,4.0,24.89,214,51,3,91.37,41.97,5.74,102.71,74,15,6,0,2.5,1,N
2,2023-01-29 13:25:24,2023-01-29 13:27:24,3.0,23.3,43,215,5,75.54,49.62,6.66,203.48,25,2,3,1,2.5,1,N
1,2023-01-30 05:10:17,2023-01-30 06:39:17,6.0,5.84,250,120,4,164.49,29.96,3.68,223.74,24,1,4,1,2.5,1,N
2,2023-01-06 04:53:33,2023-01-06 06:11:33,,9.47,73,169,1,129.83,19.46,10.05,71.77,67,17,0,0,2.5,1,N
1,2023-01-10 12:32:36,2023-01-10 13:09:36,1.0,19.19,238,53,2,61.68,9.17,16.23,127.52,37,13,1,0,2.5,1,N
2,2023-01-07 21:02:04,2023-01-07 21:31:04,1.0,13.25,47,151,3,104.78,25.55,11.28,153.1,75,13,1,1,2.5,1,N
2,2023-01-07 19:39:53,2023-01-07 19:49:53,6.0,34.93,217,182,4,25.35,30.66,7.09,43.87,48,8,1,0,2.5,5,N
1,2023-01-05 18:08:18,2023-01-05 18:31:18,4.0,17.43,94,123,2,11.54,16.35,8.2,198.72,20,13,5,0,2.5,1,N
2,2023-01-22 21:12:12,2023-01-22 21:22:12,4.0,30.89,208,218,3,29.41,16.2,13.85,119.31,15,14,5,1,2.5,2,N
2,2023-01-24 07:26:59,2023-01-24 07:37:59,1.0,7.24,21,145,2,173.84,41.43,10.29,223.99,62,14,0,0,2.5,1,N
1,2023-01-19 04:32:10,2023-01-19 05:49:10,1.0,19.51,152,143,4,53.3,33.0,11.05,138.44,41,22,4,0,2.5,1,N
2,2023-01-14 00:50:10,2023-01-14 02:01:10,6.0,11.33,228,63,2,192.71,22.51,12.19,208.77,41,21,2,1,2.5,1,N
1,2023-01-30 09:11:22,2023-01-30 10:22:22,6.0,32.71,34,177,3,69.31,27.89,14.77,15.13,61,20,3,1,2.5,1,N
2,2023-01-23 03:22:54,2023-01-23 03:28:54,5.0,19.34,110,132,5,83.42,25.24,12.51,111.4,26,16,2,0,2.5,1,N
1,2023-01-02 18:36:25,2023-01-02 19:10:25,6.0,22.92,237,172,5,162.88,8.72,13.69,106.53,89,16,1,1,2.5,1,N
1,2023-01-16 07:14:48,2023-01-16 08:10:48,5.0,2.75,245,162,3,46.73,43.52,13.32,50.9,47,6,5,1,2.5,1,N
2,2023-01-06 02:37:04,2023-01-06 03:27:04,5.0,17.12,133,98,2,182.11,4.55,18.53,141.72,77,20,2,0,2.5,1,N
1,2023-01-13 02:21:30,2023-01-13 02:50:30,6.0,20.32,13,102,1,131.55,10.65,14.73,188.37,70,6,3,0,2.5,1,N
1,2023-01-12 19:43:09,2023-01-12 20:20:09,3.0,10.24,250,83,5,14.77,28.09,10.93,124.85,55,2,4,0,0.0,1,N
1,2023-01-27 21:23:28,2023-01-27 22:27:28,1.0,25.78,46,102,3,191.43,23.06,17.96,208.49,10,19,3,1,2.5,1,N
2,2023-01-25 14:46:06,2023-01-25 16:02:06,1.0,16.38,109,225,1,59.28,29.77,18.01,75.37,66,9,1,1,2.5,1,N
2,2023-01-13 23:08:38,2023-01-14 00:34:38,4.0,19.69,222,93,5,48.31,45.98,7.03,76.69,8,11,4,0,0.0,1,N
2,2023-01-24 03:06:36,2023-01-24 04:10:36,2.0,12.7,30,33,3,179.9,14.3,16.11,44.21,66,15,1,0,2.5,1,N
1,2023-01-19 13:14:52,2023-01-19 13:40:52,2.0,23.71,123,217,4,66.77,7.54,19.65,196.68,82,16,5,0,2.5,1,N
2,2023-01-17 14:53:16,2023-01-17 16:14:16,6.0,3.7,166,58,1,145.23,6.06,4.14,39.56,48,1,4,1,2.5,1,N
1,2023-01-26 18:11:25,2023-01-26 19:07:25,4.0,17.77,16,102,5,9.25,2.95,7.94,39.99,86,9,2,0,2.5,1,N
2,2023-01-19 16:43:37,2023-01-19 17:52:37,3.0,31.36,129,54,2,184.41,39.54,8.31,4.74,57,18,2,0,2.5,1,N
2,2023-01-07 09:04:09,2023-01-07 09:38:09,3.0,8.31,13,154,4,83.32,22.87,12.21,98.9,48,17,1,1,0.0,1,N
2,2023-01-12 20:41:59,2023-01-12 21:31:59,2.0,30.41,172,71,2,37.77,12.79,19.25,110.92,48,15,3,1,2.5,1,N
2,2023-01-13 01:57:40,2023-01-13 02:43:40,1.0,30.99,238,258,1,196.3,33.7,6.11,114.43,14,10,1,0,0.0,1,N
2,2023-01-26 07:34:04,2023-01-26 08:40:04,6.0,8.14,54,114,3,149.0,38.87,15.07,192.24,7,8,3,1,2.5,1,N
2,2023-01-05 08:19:54,2023-01-05 08:28:54,5.0,2.92,70,8,1,159.21,46.86,15.57,105.43,8,11,1,0,2.5,1,N
2,2023-01-15 07:17:04,2023-01-15 08:06:04,6.0,26.78,35,147,3,101.41,19.97,13.92,4.05,80,4,6,1,0.0,1,N
1,2023-01-17 06:44:08,2023-01-17 07:03:08,2.0,33.55,109,59,3,138.48,34.47,11.77,153.53,15,22,0,0,2.5,1,N
1,2023-01-29 14:37:22,2023-01-29 14:53:22,1.0,9.02,2,93,1,59.95,13.53,11.43,45.29,58,4,5,0,2.5,1,N
2,2023-01-24 16:29:20,2023-01-24 17:40:20,1.0,31.96,238,246,3,104.82,43.27,5.64,9.18,26,11,3,0,2.5,1,N
1,2023-01-08 19:54:54,2023-01-08 20:43:54,6.0,7.37,26,48,3,77.67,45.43,2.75,195.01,35,18,2,1,2.5,1,N
1,2023-01-02 15:37:23,2023-01-02 16:09:23,6.0,12.64,177,190,3,86.46,31.51,6.68,63.72,62,5,1,1,2.5,1,N
1,2023-01-04 19:14:19,2023-01-04 20:14:19,6.0,31.02,85,183,1,3.35,32.95,4.59,189.56,78,23,4,0,2.5,1,N
1,2023-01-02 19:26:17,2023-01-02 19:28:17,1.0,10.71,205,100,4,162.64,32.98,13.05,161.51,11,12,5,1,2.5,1,N
2,2023-01-13 04:26:38,2023-01-13 05:48:38,3.0,26.47,14,118,2,45.54,29.58,17.06,221.18,48,3,4,1,2.5,1,N
2,2023-01-23 05:39:28,2023-01-23 06:09:28,2.0,5.23,125,24,2,96.03,21.94,3.17,91.47,14,0,0,1,2.5,1,Y
1,2023-01-20 17:07:29,2023-01-20 17:19:29,4.0,13.32,25,127,5,132.64,37.02,13.19,163.57,19,7,5,1,2.5,5,N
1,2023-01-22 06:54:21,2023-01-22 07:54:21,1.0,32.93,185,137,5,9.3,48.83,2.44,143.35,64,6,6,0,2.5,1,N
2,2023-01-16 22:06:52,2023-01-16 23:22:52,3.0,8.0,51,159,1,70.13,37.29,7.6,196.35,4,1,4,1,2.5,1,N
1,2023-01-13 01:34:48,2023-01-13 03:01:48,4.0,24.59,155,208,3,54.61,15.48,3.46,84.35,24,14,0,1,2.5,1,N
2,2023-01-25 17:26:52,2023-01-25 18:34:52,2.0,32.19,108,247,2,28.74,25.02,5.99,151.07,51,12,3,0,2.5,1,N
1,2023-01-11 19:41:56,2023-01-11 20:58:56,5.0,27.49,46,113,4,163.15,29.85,17.17,136.6,21,1,2,1,2.5,1,N
2,2023-01-18 12:34:41,2023-01-18 13:03:41,1.0,33.18,52,234,4,109.47,4.11,8.39,13.77,35,19,4,1,2.5,2,N
2,2023-01-09 11:03:50,2023-01-09 12:11:50,6.0,33.04,152,224,3,92.61,24.6,2.17,11.4,53,10,5,0,2.5,1,N
1,2023-01-11 22:53:46,2023-01-11 22:55:46,1.0,4.07,58,82,4,28.67,5.12,3.98,226.04,81,14,6,0,2.5,2,N
2,2023-01-02 20:28:04,2023-01-02 21:51:04,5.0,21.1,246,77,4,104.03,25.53,16.87,161.27,8,14,6,1,2.5,1,N
2,2023-01-19 05:42:45,2023-01-19 06:54:45,4.0,15.0,203,143,5,55.31,4.35,8.2,154.44,46,20,6,1,2.5,1,N
2,2023-01-16 09:45:19,2023-01-16 10:45:19,3.0,23.93,92,132,5,27.5,18.07,18.72,186.55,57,5,0,0,2.5,1,N
1,2023-01-10 11:12:31,2023-01-10 12:36:31,1.0,26.01,104,99,3,106.55,47.72,11.22,6.87,44,1,0,1,2.5,1,N
1,2023-01-19 11:34:27,2023-01-19 12:21:27,6.0,8.66,131,24,1,137.15,0.37,10.14,60.32,3,5,5,0,2.5,1,N
1,2023-01-04 21:59:01,2023-01-04 22:29:01,6.0,28.02,213,211,5,13.71,13.71,9.12,163.58,68,16,5,0,2.5,1,N
1,2023-01-26 23:03:43,2023-01-26 23:52:43,5.0,14.38,111,140,3,13.6,18.59,15.47,180.44,22,16,5,1,2.5,1,N
2,2023-01-01 23:28:58,2023-01-01 23:34:58,6.0,23.02,109,47,5,148.37,29.5,16.71,158.52,10,7,1,0,2.5,1,N
2,2023-01-17 06:08:24,2023-01-17 07:33:24,6.0,15.03,183,229,4,43.33,48.27,2.54,104.52,41,23,3,1,2.5,1,N
2,2023-01-09 00:24:14,2023-01-09 01:10:14,5.0,12.18,69,246,3,32.84,31.99,8.17,148.45,18,16,4,1,2.5,1,N
1,2023-01-05 13:24:30,2023-01-05 13:26:30,2.0,24.32,167,41,5,192.52,44.69,5.66,175.87,57,7,4,1,2.5,1,N
2,2023-01-06 03:22:56,2023-01-06 04:17:56,5.0,19.01,102,140,4,38.05,8.13,17.99,103.38,49,23,6,0,2.5,5,N
2,2023-01-10 05:53:17,2023-01-10 06:40:17,4.0,29.87,127,162,4,137.71,14.43,14.69,142.31,19,4,2,1,0.0,2,N
1,2023-01-19 23:52:56,2023-01-20 01:20:56,1.0,27.53,206,63,3,163.46,44.35,5.85,22.51,82,0,5,1,2.5,1,N
1,2023-01-24 13:13:01,2023-01-24 14:22:01,1.0,30.4,13,84,2,67.44,0.26,8.17,44.88,79,23,2,1,2.5,1,N
1,2023-01-28 23:16:43,2023-01-28 23:42:43,2.0,26.83,173,103,2,93.96,22.69,8.38,193.83,29,10,5,0,2.5,1,N
1,2023-01-19 13:05:48,2023-01-19 13:10:48,4.0,32.1,71,94,4,111.95,22.64,18.64,96.86,82,20,0,1,2.5,1,N
1,2023-01-15 21:12:53,2023-01-15 21:52:53,6.0,5.57,3,180,2,42.11,47.31,9.47,195.18,30,20,1,1,2.5,1,N
2,2023-01-24 03:12:00,2023-01-24 04:26:00,6.0,22.45,84,3,4,60.96,22.46,0.37,169.55,44,22,0,1,2.5,1,N
2,2023-01-25 08:43:10,2023-01-25 09:48:10,6.0,2.98,207,173,4,192.71,45.32,14.6,92.56,51,18,1,0,2.5,1,N
1,2023-01-13 09:42:36,2023-01-13 10:58:36,5.0,17.54,195,142,1,56.53,29.27,1.93,193.4,25,1,3,1,2.5,1,N
1,2023-01-13 12:48:53,2023-01-13 14:03:53,1.0,30.16,69,202,1,162.93,15.0,12.61,34.21,54,13,6,1,2.5,1,N
2,2023-01-03 00:36:44,2023-01-03 01:24:44,5.0,25.42,106,262,4,108.19,7.41,10.27,42.67,11,22,0,1,2.5,1,N
1,2023-01-01 11:30:25,2023-01-01 12:42:25,3.0,20.44,231,115,5,130.03,24.51,15.25,104.06,55,18,4,1,0.0,1,N
1,2023-01-27 18:19:54,2023-01-27 19:33:54,2.0,24.32,101,39,3,92.81,0.88,11.0,164.98,84,20,0,0,2.5,1,N
2,2023-01-26 23:45:49,2023-01-26 23:56:49,4.0,6.15,68,116,4,118.69,16.76,3.5,76.55,30,18,1,1,2.5,1,N
1,2023-01-11 11:26:09,2023-01-11 11:40:09,3.0,32.59,119,63,2,109.17,26.15,17.88,82.84,13,7,0,0,2.5,1,N
2,2023-01-29 07:17:52,2023-01-29 07:39:52,4.0,7.52,208,135,2,97.68,27.91,18.07,215.84,52,18,4,0,2.5,1,N
2,2023-01-03 12:02:11,2023-01-03 13:26:11,6.0,5.93,115,60,2,161.06,22.2,8.41,225.27,28,14,4,1,2.5,1,N
2,2023-01-29 17:39:29,2023-01-29 18:56:29,2.0,4.99,137,3,5,176.34,48.2,12.19,228.4,67,13,1,0,2.5,1,N
2,2023-01-18 14:33:33,2023-01-18 14:39:33,2.0,32.77,191,149,4,52.97,7.41,11.05,8.43,30,4,4,0,2.5,1,N
1,2023-01-16 15:52:37,2023-01-16 17:15:37,6.0,16.18,229,86,2,29.33,49.87,10.68,200.21,7,2,2,0,2.5,1,N
2,2023-01-23 07:39:09,2023-01-23 07:44:09,1.0,18.7,178,51,1,162.72,34.57,1.8,191.17,25,10,5,1,2.5,1,N
1,2023-01-07 19:44:59,2023-01-07 20:53:59,6.0,13.33,108,1,5,44.35,41.25,9.88,66.76,74,5,3,1,2.5,1,N
1,2023-01-15 08:09:45,2023-01-15 08:57:45,3.0,1.05,203,253,2,173.58,31.72,4.5,58.98,2,14,6,0,2.5,1,N
2,2023-01-07 21:27:27,2023-01-07 22:25:27,6.0,2.43,207,223,2,22.76,10.75,15.96,11.61,79,7,4,0,2.5,1,N
2,2023-01-19 09:58:49,2023-01-19 11:04:49,5.0,0.65,55,185,4,20.47,37.53,16.98,206.05,20,2,6,0,2.5,1,N
1,2023-01-13 11:49:28,2023-01-13 13:07:28,1.0,18.91,185,99,1,38.38,42.41,0.37,153.06,26,0,6,1,2.5,1,N
1,2023-01-13 12:25:33,2023-01-13 13:28:33,4.0,6.85,197,166,2,4.84,37.6,14.73,6.91,67,23,1,0,2.5,1,N
1,2023-01-23 09:09:03,2023-01-23 09:58:03,2.0,14.13,80,143,3,150.16,43.7,2.3,58.64,84,2,2,0,0.0,1,N
1,2023-01-25 09:51:01,2023-01-25 10:41:01,1.0,16.17,79,2,1,80.94,3.18,0.2,208.2,20,22,2,0,2.5,1,N
1,2023-01-26 18:15:28,2023-01-26 19:42:28,4.0,18.69,179,242,5,189.2,48.1,0.27,151.72,82,13,4,1,2.5,3,N
1,2023-01-24 12:16:32,2023-01-24 13:26:32,4.0,31.26,1,125,5,74.65,46.96,9.32,214.38,69,20,3,0,2.5,1,N
1,2023-01-06 08:13:10,2023-01-06 09:09:10,5.0,1.61,77,124,5,141.34,44.85,16.28,39.24,4,21,3,0,2.5,1,N
2,2023-01-22 14:22:45,2023-01-22 15:17:45,5.0,17.35,170,215,3,137.42,31.87,6.23,238.29,38,3,0,0,2.5,1,N
2,2023-01-22 06:07:37,2023-01-22 06:35:37,4.0,4.7,121,189,3,66.63,42.33,18.49,54.24,24,12,3,0,2.5,1,N
1,2023-01-01 14:18:45,2023-01-01 15:34:45,4.0,32.44,4,135,2,178.8,30.25,8.42,77.97,9,16,1,1,2.5,1,N
2,2023-01-06 19:19:46,2023-01-06 20:24:46,4.0,32.12,34,226,1,81.08,24.61,3.77,231.74,83,15,6,0,2.5,1,N
1,2023-01-16 11:46:32,2023-01-16 11:58:32,2.0,4.98,26,196,1,111.4,46.55,9.18,80.29,74,21,5,0,2.5,1,N
1,2023-01-10 03:26:05,2023-01-10 04:38:05,4.0,4.2,141,153,1,81.14,10.38,12.54,150.01,78,4,1,0,2.5,1,N
1,2023-01-24 13:26:57,2023-01-24 14:54:57,2.0,3.93,11,181,1,88.48,42.58,10.11,87.99,57,3,2,0,2.5,1,N
1,2023-01-24 00:50:49,2023-01-24 01:55:49,4.0,3.52,203,44,4,13.3,22.03,8.81,185.7,66,20,4,0,2.5,1,N
1,2023-01-08 08:18:30,2023-01-08 09:37:30,,5.62,161,247,4,63.76,14.6,3.77,79.91,55,15,3,0,2.5,1,N
2,2023-01-01 13:12:35,2023-01-01 14:22:35,6.0,5.53,134,234,4,189.8,25.31,13.99,112.0,6,22,1,1,0.0,1,N
1,2023-01-08 18:37:29,2023-01-08 19:57:29,3.0,5.81,56,98,2,166.71,31.86,7.01,23.69,15,4,5,0,2.5,5,N
1,2023-01-28 02:16:35,2023-01-28 03:09:35,1.0,5.29,50,11,1,176.33,9.14,19.41,230.47,80,1,6,0,2.5,1,N
1,2023-01-28 03:03:30,2023-01-28 03:36:30,1.0,13.29,215,219,1,143.29,37.56,8.01,226.79,56,16,5,1,0.0,1,N
1,2023-01-16 03:15:18,2023-01-16 03:58:18,2.0,8.96,164,134,5,131.52,19.73,4.43,201.64,30,18,2,0,2.5,1,N
1,2023-01-26 06:02:07,2023-01-26 07:27:07,6.0,14.66,95,70,5,179.97,35.19,17.19,218.65,72,15,6,1,2.5,4,N
1,2023-01-17 23:40:16,2023-01-18 00:43:16,5.0,31.29,56,265,1,108.73,7.86,4.17,151.88,48,1,6,0,0.0,1,N
1,2023-01-30 15:27:23,2023-01-30 15:41:23,6.0,12.38,89,148,4,183.4,2.8,3.36,24.11,89,20,6,0,2.5,1,N
1,2023-01-05 14:33:11,2023-01-05 15:09:11,5.0,10.1,80,55,5,84.5,8.08,14.37,20.44,45,6,5,1,2.5,1,N
1,2023-01-15 22:08:36,2023-01-15 22:16:36,1.0,32.01,137,164,5,120.53,9.03,5.96,197.16,61,11,2,0,2.5,1,N
1,2023-01-06 10:19:39,2023-01-06 11:40:39,1.0,11.32,71,202,2,95.66,38.08,8.35,130.72,88,0,3,0,0.0,1,N
1,2023-01-04 17:26:59,2023-01-04 18:03:59,4.0,4.36,206,118,4,6.26,24.63,9.02,71.42,40,18,4,0,2.5,1,N
2,2023-01-05 15:21:32,2023-01-05 15:29:32,4.0,21.7,16,182,5,41.79,38.2,15.67,12.25,83,19,5,0,2.5,1,N
1,2023-01-01 05:56:32,2023-01-01 07:20:32,3.0,9.93,185,28,5,185.75,37.35,11.49,246.06,74,4,0,1,2.5,1,N
2,2023-01-29 07:45:12,2023-01-29 09:01:12,,18.25,2,74,4,120.62,12.26,14.83,26.88,5,1,0,0,0.0,1,N
2,2023-01-22 04:24:57,2023-01-22 05:51:57,3.0,26.9,55,116,2,11.7,45.55,19.75,92.97,6,15,6,0,2.5,1,N
1,2023-01-15 23:00:38,2023-01-15 23:33:38,2.0,19.84,249,31,4,193.53,38.45,14.22,171.01,10,13,4,1,2.5,1,N
2,2023-01-25 12:00:15,2023-01-25 12:45:15,4.0,28.33,203,53,1,185.78,4.27,5.58,156.91,38,21,1,1,2.5,1,N
2,2023-01-18 00:19:41,2023-01-18 01:05:41,3.0,12.13,261,143,1,143.12,28.62,15.34,34.22,73,7,6,0,2.5,1,N
1,2023-01-13 20:21:58,2023-01-13 21:29:58,3.0,5.99,135,130,1,58.42,20.64,17.0,156.25,66,17,2,0,2.5,1,N
2,2023-01-15 12:48:51,2023-01-15 14:02:51,5.0,13.87,37,96,3,60.76,22.97,8.62,86.09,66,20,4,1,2.5,1,N
1,2023-01-13 18:34:25,2023-01-13 19:23:25,3.0,14.48,262,6,1,173.39,18.36,13.19,45.14,33,21,6,1,2.5,1,N
1,2023-01-13 03:40:05,2023-01-13 04:29:05,6.0,25.09,202,106,1,14.47,24.81,9.81,155.42,5,2,5,1,2.5,1,N
1,2023-01-26 04:59:41,2023-01-26 05:10:41,1.0,24.07,137,129,5,49.38,17.78,2.55,225.41,7,15,4,0,2.5,1,N
1,2023-01-30 03:09:30,2023-01-30 03:27:30,4.0,10.9,204,262,3,35.36,23.14,14.58,188.63,14,8,3,1,2.5,2,N
2,2023-01-06 13:57:17,2023-01-06 14:56:17,5.0,32.53,76,100,4,143.97,27.24,8.87,43.13,11,13,2,0,2.5,1,N
2,2023-01-23 02:14:27,2023-01-23 02:55:27,1.0,9.72,210,137,3,77.9,36.53,6.93,46.01,85,16,1,0,2.5,1,N
2,2023-01-02 21:40:40,2023-01-02 21:54:40,4.0,34.88,202,4,1,183.4,7.57,9.35,118.92,16,21,0,0,2.5,1,N
2,2023-01-24 20:49:47,2023-01-24 21:00:47,5.0,1.24,37,48,3,161.08,6.68,11.64,8.22,30,11,0,1,2.5,1,N
2,2023-01-29 23:18:00,2023-01-30 00:17:00,1.0,23.61,8,166,1,196.97,24.89,15.14,8.12,75,7,3,1,2.5,1,N
2,2023-01-22 17:00:28,2023-01-22 18:20:28,5.0,21.75,225,129,4,61.55,23.75,18.17,65.22,20,4,2,0,2.5,1,N
2,2023-01-17 06:31:29,2023-01-17 06:54:29,3.0,20.51,193,83,4,96.3,28.19,13.69,29.36,65,17,4,1,2.5,1,N
1,2023-01-29 11:35:22,2023-01-29 12:24:22,4.0,27.29,78,105,4,132.81,30.67,19.89,138.04,42,8,3,0,2.5,1,N
1,2023-01-24 04:06:38,2023-01-24 04:31:38,2.0,20.72,144,155,2,195.01,13.71,3.15,13.73,69,16,4,1,2.5,1,N
1,2023-01-24 14:10:10,2023-01-24 15:23:10,1.0,21.39,8,114,3,70.57,32.39,3.09,63.15,28,6,1,0,2.5,1,N
2,2023-01-29 15:24:53,2023-01-29 16:25:53,3.0,30.72,47,235,4,67.05,24.78,15.81,17.38,82,19,1,0,2.5,5,N
1,2023-01-17 06:30:03,2023-01-17 07:02:03,,6.62,24,59,3,126.28,24.79,12.67,134.02,66,16,0,0,2.5,1,N
2,2023-01-25 07:30:08,2023-01-25 08:12:08,1.0,18.64,7,230,5,133.89,29.7,17.24,90.1,28,11,4,1,2.5,1,N
1,2023-01-27 23:41:26,2023-01-28 00:29:26,4.0,24.95,37,245,4,39.82,30.61,13.58,23.51,60,23,6,1,0.0,5,N
1,2023-01-15 00:40:41,2023-01-15 01:55:41,4.0,10.84,13,134,4,92.26,30.84,0.25,90.53,67,11,2,0,2.5,1,N
1,2023-01-22 20:30:44,2023-01-22 21:14:44,6.0,7.76,251,46,4,77.03,41.53,13.45,3.16,88,12,1,0,2.5,1,N
2,2023-01-20 10:38:44,2023-01-20 11:39:44,4.0,4.6,22,125,1,85.67,24.98,4.23,206.89,34,0,6,1,0.0,1,N
1,2023-01-30 16:47:58,2023-01-30 17:30:58,4.0,9.27,35,240,3,30.24,47.05,8.94,92.84,87,15,1,1,2.5,1,N
1,2023-01-19 23:13:00,2023-01-19 23:40:00,4.0,23.35,130,142,4,130.51,47.32,13.83,167.48,71,22,4,1,2.5,1,N
2,2023-01-22 17:00:59,2023-01-22 17:55:59,6.0,21.56,160,167,3,39.54,16.77,13.13,178.06,40,13,6,1,0.0,1,N
2,2023-01-28 18:22:52,2023-01-28 19:32:52,3.0,6.09,188,104,3,7.52,44.06,7.65,140.06,63,9,6,0,2.5,1,N
1,2023-01-01 07:38:51,2023-01-01 09:06:51,5.0,17.24,26,155,5,100.46,21.05,14.26,148.44,51,15,1,1,2.5,1,N
1,2023-01-05 05:34:35,2023-01-05 05:41:35,5.0,7.56,36,79,5,10.12,48.72,18.88,108.87,89,13,0,1,2.5,1,N
2,2023-01-10 20:24:35,2023-01-10 21:51:35,2.0,32.77,5,70,2,134.05,46.37,4.62,103.64,7,5,2,1,2.5,1,N
1,2023-01-21 20:54:49,2023-01-21 22:00:49,6.0,25.37,43,42,2,119.89,21.98,2.39,78.57,68,4,6,1,0.0,1,N
2,2023-01-14 03:52:25,2023-01-14 04:18:25,3.0,6.15,51,186,1,114.43,17.47,2.7,20.6,75,21,3,1,2.5,1,N
1,2023-01-26 21:13:56,2023-01-26 21:48:56,3.0,10.21,216,243,4,21.3,34.3,9.15,89.32,2,14,6,1,0.0,1,N
2,2023-01-03 08:12:01,2023-01-03 09:13:01,2.0,29.87,157,95,3,26.96,18.38,5.96,117.24,46,21,5,1,0.0,1,N
1,2023-01-11 18:32:21,2023-01-11 19:00:21,3.0,19.54,61,17,3,133.91,33.02,9.35,36.03,63,8,3,0,2.5,1,N
1,2023-01-05 09:42:42,2023-01-05 10:13:42,4.0,12.52,32,107,5,8.86,21.07,1.69,227.29,76,22,6,0,2.5,1,N
1,2023-01-22 05:58:26,2023-01-22 06:45:26,6.0,20.98,220,92,3,25.39,25.09,4.94,5.07,10,14,6,1,2.5,1,N
2,2023-01-09 02:27:34,2023-01-09 03:30:34,2.0,13.69,189,165,4,153.34,18.94,6.94,58.27,26,20,4,0,2.5,1,N
1,2023-01-08 11:53:21,2023-01-08 13:14:21,4.0,31.91,26,45,2,35.48,39.83,18.68,170.91,50,17,5,0,2.5,1,N
2,2023-01-19 06:32:19,2023-01-19 07:48:19,,30.59,149,208,5,100.41,30.07,5.94,206.4,58,22,3,0,2.5,1,N
1,2023-01-03 15:23:00,2023-01-03 15:47:00,4.0,5.7,222,17,1,21.95,34.16,0.96,120.02,15,14,6,0,2.5,1,N
1,2023-01-28 20:29:47,2023-01-28 20:47:47,2.0,23.74,72,102,3,48.93,41.05,6.22,148.39,74,18,2,1,2.5,1,Y
2,2023-01-01 18:17:31,2023-01-01 19:46:31,5.0,29.33,195,46,5,176.17,39.81,18.74,70.43,45,0,5,1,0.0,1,N
2,2023-01-11 07:17:13,2023-01-11 08:41:13,4.0,7.47,103,232,4,151.26,25.48,8.54,238.72,37,12,6,1,2.5,1,N
2,2023-01-16 21:32:55,2023-01-16 22:25:55,2.0,30.52,40,121,1,39.73,12.71,16.37,162.11,71,19,6,0,2.5,1,N
2,2023-01-01 06:35:28,2023-01-01 07:38:28,6.0,14.74,75,242,5,44.88,18.17,5.35,35.47,47,19,6,0,2.5,1,N
1,2023-01-02 13:12:03,2023-01-02 13:36:03,1.0,10.84,90,149,2,96.07,27.6,2.72,184.9,27,13,1,0,2.5,1,N
1,2023-01-30 09:57:07,2023-01-30 10:53:07,6.0,34.44,11,201,3,127.38,11.94,9.93,34.56,40,22,6,1,2.5,1,N
1,2023-01-18 18:32:51,2023-01-18 19:34:51,5.0,24.11,89,238,3,117.51,39.04,14.04,102.63,15,5,1,1,2.5,1,N
1,2023-01-01 22:15:20,2023-01-01 22:43:20,5.0,10.24,256,219,2,58.72,11.47,16.9,124.33,76,19,1,1,2.5,1,N
2,2023-01-12 06:22:39,2023-01-12 07:28:39,4.0,18.59,36,182,2,189.48,16.76,4.82,181.44,29,7,3,0,2.5,1,N
1,2023-01-10 23:37:19,2023-01-11 00:12:19,,22.56,4,211,5,167.44,31.64,19.73,249.09,32,6,1,0,2.5,1,N
1,2023-01-01 04:56:42,2023-01-01 05:44:42,3.0,24.95,100,213,4,131.19,34.88,9.78,94.76,17,19,5,1,2.5,1,N
2,2023-01-18 03:08:14,2023-01-18 03:14:14,6.0,7.41,255,178,5,181.82,19.73,10.05,169.91,34,19,6,1,2.5,1,N
1,2023-01-07 19:03:47,2023-01-07 19:16:47,1.0,21.62,180,147,2,60.57,37.78,17.17,169.08,18,22,1,1,2.5,5,N
2,2023-01-20 10:04:48,2023-01-20 11:01:48,6.0,29.67,137,136,2,61.7,45.1,8.15,48.49,6,10,2,1,2.5,1,N
1,2023-01-23 03:39:12,2023-01-23 04:52:12,6.0,28.15,194,54,3,63.53,8.22,15.15,161.78,63,19,2,0,2.5,1,N
2,2023-01-13 12:20:47,2023-01-13 13:11:47,2.0,10.37,3,153,4,34.18,45.79,11.35,220.22,35,18,0,0,2.5,5,N
1,2023-01-12 08:43:59,2023-01-12 09:56:59,5.0,33.96,54,226,1,30.14,26.9,2.71,140.27,63,21,1,1,2.5,2,N
1,2023-01-20 02:16:56,2023-01-20 03:28:56,3.0,0.54,224,226,2,182.08,22.44,0.66,121.5,21,7,6,1,2.5,1,N
1,2023-01-22 18:23:58,2023-01-22 19:32:58,3.0,27.29,192,126,3,171.9,39.79,18.68,162.94,48,11,6,1,2.5,1,N
2,2023-01-12 20:52:48,2023-01-12 22:06:48,4.0,11.17,123,129,1,110.91,39.2,17.33,202.29,20,16,3,0,2.5,1,N
2,2023-01-25 10:46:50,2023-01-25 11:54:50,,32.95,71,205,3,132.97,34.13,19.67,58.64,24,10,5,0,2.5,1,N
2,2023-01-09 14:33:47,2023-01-09 15:47:47,2.0,30.15,61,260,1,49.61,20.43,13.48,43.29,87,23,0,1,2.5,1,N
2,2023-01-24 21:47:57,2023-01-24 22:22:57,4.0,30.85,12,2,5,7.02,13.36,12.91,163.86,48,19,0,0,2.5,1,N
2,2023-01-12 02:51:34,2023-01-12 03:27:34,6.0,8.89,234,186,3,89.71,18.02,4.17,11.54,2,0,6,1,2.5,1,N
2,2023-01-21 02:50:06,2023-01-21 03:35:06,1.0,27.89,52,119,1,134.73,28.66,12.85,206.84,85,9,0,0,2.5,1,N
2,2023-01-30 22:04:06,2023-01-30 22:53:06,3.0,11.71,216,62,3,136.77,28.2,9.77,77.61,74,12,4,1,2.5,1,N
2,2023-01-23 09:32:38,2023-01-23 10:32:38,3.0,15.71,91,90,2,121.84,46.2,7.55,30.41,35,16,6,1,2.5,1,N
1,2023-01-10 13:36:07,2023-01-10 14:26:07,5.0,31.66,241,264,3,185.26,22.83,13.65,191.87,23,12,5,1,2.5,1,N
1,2023-01-18 02:15:10,2023-01-18 02:31:10,6.0,25.24,10,79,2,43.84,33.33,1.7,58.05,39,14,2,0,2.5,1,N
1,2023-01-07 00:30:22,2023-01-07 01:06:22,4.0,22.46,137,134,3,54.57,33.0,10.08,102.15,70,14,3,0,0.0,1,N
2,2023-01-14 22:37:37,2023-01-14 23:32:37,5.0,4.6,26,179,1,18.23,36.58,15.16,105.23,45,3,4,0,2.5,1,N
1,2023-01-19 13:24:20,2023-01-19 13:28:20,1.0,18.89,1,70,2,187.44,49.57,16.6,205.6,17,8,3,1,2.5,5,N
2,2023-01-02 20:25:53,2023-01-02 20:36:53,6.0,4.41,95,219,2,92.3,40.1,9.8,68.31,17,7,6,1,2.5,5,N
1,2023-01-12 23:43:46,2023-01-13 01:07:46,6.0,2.72,169,20,4,81.83,1.98,7.05,159.4,89,8,0,0,2.5,1,N
2,2023-01-30 06:04:32,2023-01-30 07:20:32,3.0,33.14,246,229,5,197.16,40.58,11.45,249.66,23,5,6,1,2.5,5,N
2,2023-01-30 20:42:59,2023-01-30 21:35:59,5.0,20.77,41,185,5,86.98,49.99,2.56,151.04,52,22,6,1,2.5,1,N
2,2023-01-26 04:58:31,2023-01-26 05:10:31,1.0,0.31,169,213,2,68.63,1.9,1.83,37.82,62,3,0,1,2.5,1,N
1,2023-01-22 10:58:42,2023-01-22 11:22:42,,16.47,213,25,2,43.71,29.86,16.38,72.97,15,7,3,0,2.5,1,N
1,2023-01-21 03:47:10,2023-01-21 04:56:10,6.0,10.11,248,216,2,89.38,29.97,2.53,135.17,16,10,4,0,2.5,1,N
2,2023-01-16 22:37:52,2023-01-16 23:43:52,1.0,5.47,74,75,3,137.92,26.25,8.35,82.61,29,14,6,1,2.5,1,N
2,2023-01-20 07:44:53,2023-01-20 08:05:53,6.0,28.69,10,222,5,183.03,43.77,8.23,130.59,55,4,6,1,2.5,1,N
1,2023-01-08 04:27:00,2023-01-08 04:34:00,6.0,5.46,254,93,2,40.27,40.72,19.66,137.18,76,16,3,1,2.5,1,N
1,2023-01-18 07:18:09,2023-01-18 08:41:09,4.0,5.91,231,184,4,139.24,8.6,14.1,184.68,35,1,1,1,2.5,1,N
2,2023-01-17 16:45:37,2023-01-17 17:50:37,5.0,8.22,68,264,2,3.81,5.15,15.33,156.87,27,1,5,0,2.5,1,N
1,2023-01-03 19:58:56,2023-01-03 20:57:56,2.0,24.96,36,202,2,160.67,8.33,13.4,175.39,28,4,4,1,2.5,1,N
2,2023-01-09 11:08:03,2023-01-09 12:26:03,3.0,6.76,142,22,3,57.83,44.34,5.45,56.92,70,5,3,0,2.5,1,N
1,2023-01-10 13:58:15,2023-01-10 14:37:15,5.0,11.32,63,59,4,10.25,4.92,7.22,107.53,50,14,5,1,2.5,1,N
2,2023-01-21 13:33:24,2023-01-21 13:44:24,3.0,31.59,150,34,5,80.36,32.31,3.66,206.81,56,19,0,1,2.5,1,N
1,2023-01-11 04:31:30,2023-01-11 04:36:30,1.0,19.82,27,254,4,178.77,34.16,10.84,188.8,21,19,0,0,2.5,1,N
2,2023-01-07 09:25:42,2023-01-07 10:53:42,5.0,6.14,246,86,4,48.48,10.91,1.56,47.96,58,4,3,0,2.5,1,N
1,2023-01-24 19:27:58,2023-01-24 20:22:58,6.0,30.11,109,134,5,59.24,11.49,18.08,18.8,29,11,2,0,2.5,1,N
1,2023-01-16 04:33:15,2023-01-16 05:40:15,,17.97,38,153,4,35.63,41.79,3.93,164.33,79,4,1,1,2.5,1,N
2,2023-01-19 03:34:14,2023-01-19 04:09:14,5.0,29.21,54,70,1,196.37,21.0,4.27,112.69,48,14,1,0,2.5,1,N
1,2023-01-11 04:38:12,2023-01-11 04:49:12,1.0,2.85,177,98,1,87.96,24.97,9.69,104.39,15,6,3,1,2.5,1,N
2,2023-01-12 22:39:56,2023-01-12 23:51:56,2.0,5.75,196,121,3,189.69,19.86,6.4,9.18,59,15,0,0,2.5,3,N
2,2023-01-18 08:33:25,2023-01-18 09:45:25,6.0,3.3,29,4,1,20.64,9.16,3.33,97.27,4,18,4,1,2.5,1,N
2,2023-01-10 20:13:25,2023-01-10 21:24:25,1.0,16.9,201,219,4,91.1,21.96,19.71,47.14,75,15,0,0,2.5,1,N
2,2023-01-29 14:56:23,2023-01-29 15:43:23,6.0,13.62,248,240,4,96.17,13.47,5.59,11.49,37,0,4,1,2.5,3,N
2,2023-01-26 14:47:28,2023-01-26 15:49:28,1.0,14.62,77,184,5,53.04,15.01,14.79,101.53,74,23,2,0,2.5,1,N
1,2023-01-29 23:40:06,2023-01-30 00:09:06,3.0,12.89,164,116,1,100.72,10.09,14.52,206.73,84,10,1,0,2.5,1,N
1,2023-01-24 13:39:26,2023-01-24 14:04:26,5.0,14.9,212,41,4,71.73,31.33,4.89,223.17,45,14,4,0,2.5,1,N
2,2023-01-03 13:42:23,2023-01-03 13:46:23,1.0,13.41,250,87,5,51.2,14.34,5.55,61.83,11,16,4,0,2.5,1,N
2,2023-01-25 09:25:51,2023-01-25 09:42:51,1.0,5.67,44,117,1,74.65,8.28,10.69,70.92,8,13,6,1,2.5,1,N
2,2023-01-08 09:14:28,2023-01-08 09:54:28,5.0,19.96,236,53,4,127.95,40.42,17.22,27.35,30,22,3,1,2.5,1,N
2,2023-01-12 20:41:43,2023-01-12 21:26:43,4.0,30.43,11,201,5,94.96,28.79,14.79,227.6,18,20,6,1,2.5,1,N
1,2023-01-13 13:19:53,2023-01-13 14:00:53,,34.79,147,120,1,83.33,42.94,6.06,19.11,64,15,3,0,2.5,1,N
1,2023-01-15 09:03:14,2023-01-15 09:44:14,3.0,4.19,44,184,3,171.08,39.07,0.86,234.51,2,14,6,1,2.5,1,N
2,2023-01-25 00:48:17,2023-01-25 01:09:17,5.0,14.45,31,137,1,129.87,18.59,12.15,161.44,64,8,1,1,2.5,1,N
1,2023-01-18 04:45:35,2023-01-18 05:46:35,4.0,8.51,66,51,3,128.3,28.08,9.51,197.27,18,10,5,0,2.5,1,N
2,2023-01-17 00:16:30,2023-01-17 00:57:30,1.0,19.88,42,173,5,46.41,49.35,6.88,57.34,13,0,1,0,2.5,1,N
2,2023-01-06 18:06:23,2023-01-06 18:54:23,5.0,12.68,14,197,2,150.64,17.9,12.92,153.06,4,17,0,0,2.5,1,N
1,2023-01-24 23:34:54,2023-01-25 00:27:54,6.0,30.73,80,113,4,9.78,11.98,19.03,29.87,73,3,0,0,2.5,1,N
2,2023-01-11 20:50:30,2023-01-11 21:35:30,2.0,32.74,30,179,5,44.69,8.16,18.07,165.69,64,5,2,0,2.5,1,N
2,2023-01-21 00:01:27,2023-01-21 00:51:27,5.0,11.45,102,261,1,84.03,47.0,13.31,151.29,80,13,0,1,2.5,1,N
1,2023-01-15 17:36:38,2023-01-15 18:20:38,2.0,12.54,81,65,3,178.11,12.48,19.19,206.5,50,16,5,1,2.5,1,N
1,2023-01-20 13:28:55,2023-01-20 14:03:55,6.0,18.77,138,236,2,8.04,46.38,7.91,162.29,54,0,0,0,2.5,1,N
2,2023-01-21 02:40:12,2023-01-21 03:26:12,3.0,22.28,226,82,5,90.36,29.59,2.02,242.97,5,18,6,1,2.5,1,N
1,2023-01-17 15:41:40,2023-01-17 16:42:40,4.0,26.36,38,12,4,26.16,29.5,9.05,124.11,3,3,2,0,2.5,1,N
2,2023-01-14 11:38:23,2023-01-14 12:56:23,6.0,3.59,227,112,3,47.93,20.01,13.21,139.32,56,15,3,0,2.5,5,N
1,2023-01-22 09:43:49,2023-01-22 09:53:49,4.0,1.88,143,218,4,82.56,19.8,16.03,21.74,47,18,5,1,2.5,1,N
2,2023-01-05 15:18:54,2023-01-05 15:35:54,3.0,23.77,264,179,1,21.95,16.04,18.76,29.74,73,4,4,0,2.5,1,N
2,2023-01-30 03:27:15,2023-01-30 03:39:15,3.0,16.81,109,89,3,166.32,36.47,10.34,45.85,50,9,5,1,2.5,1,N
2,2023-01-13 18:04:37,2023-01-13 18:07:37,2.0,23.58,26,253,4,18.88,36.94,7.46,32.24,4,12,6,0,2.5,1,N
2,2023-01-30 11:07:50,2023-01-30 12:21:50,1.0,10.63,56,261,5,118.1,26.56,5.63,36.91,58,13,2,1,2.5,1,N
1,2023-01-16 22:35:09,2023-01-16 22:56:09,4.0,6.11,1,264,1,34.75,22.45,12.14,67.34,13,19,4,0,0.0,1,N
2,2023-01-04 21:14:37,2023-01-04 21:41:37,5.0,3.98,230,147,5,23.54,31.78,13.86,71.78,80,22,4,0,2.5,1,N
2,2023-01-20 12:33:26,2023-01-20 13:02:26,2.0,27.54,150,183,2,93.89,24.57,12.65,174.81,43,9,5,0,2.5,1,N
1,2023-01-16 13:11:42,2023-01-16 14:28:42,6.0,14.17,234,141,5,70.72,41.21,3.9,123.15,40,14,2,0,2.5,1,N
2,2023-01-26 14:44:25,2023-01-26 15:39:25,5.0,2.99,160,110,5,11.43,3.26,8.92,231.98,5,22,6,1,2.5,1,N
1,2023-01-26 01:50:08,2023-01-26 02:01:08,4.0,8.71,248,140,4,15.32,45.13,1.49,87.71,28,14,1,1,2.5,1,N
1,2023-01-07 23:23:52,2023-01-08 00:39:52,2.0,30.17,63,19,5,61.59,26.22,10.41,18.66,3,1,4,0,2.5,1,N
1,2023-01-24 00:40:55,2023-01-24 02:08:55,5.0,16.91,88,44,3,157.11,25.46,4.28,211.51,11,7,6,0,2.5,1,N
2,2023-01-17 19:00:15,2023-01-17 20:04:15,6.0,29.88,212,158,4,170.65,19.55,17.78,211.14,53,15,0,1,2.5,1,N
1,2023-01-14 17:26:22,2023-01-14 18:10:22,,33.09,218,112,5,15.61,26.61,16.16,92.73,44,23,3,0,2.5,1,N
2,2023-01-13 12:30:34,2023-01-13 13:59:34,4.0,2.44,254,128,2,36.42,11.02,14.63,20.39,51,5,6,0,2.5,1,N
2,2023-01-21 07:34:01,2023-01-21 07:39:01,3.0,33.02,236,243,4,69.47,24.87,2.25,220.58,73,5,1,1,2.5,1,N
1,2023-01-21 14:36:13,2023-01-21 14:38:13,4.0,13.05,88,178,4,130.89,19.91,8.94,233.58,72,15,5,0,2.5,1,N
1,2023-01-27 07:04:24,2023-01-27 08:14:24,2.0,24.47,179,20,3,58.82,14.7,3.6,249.3,79,2,5,0,2.5,1,N
2,2023-01-27 05:28:25,2023-01-27 05:46:25,2.0,14.17,251,256,3,46.32,10.61,0.88,99.59,8,22,1,1,0.0,1,N
2,2023-01-08 07:14:21,2023-01-08 07:21:21,6.0,21.55,71,229,4,118.68,43.01,8.05,34.4,8,21,4,1,2.5,1,N
1,2023-01-15 07:30:23,2023-01-15 07:39:23,2.0,23.47,28,45,3,137.08,42.51,6.27,96.31,80,13,6,0,2.5,5,N
1,2023-01-30 16:47:02,2023-01-30 17:28:02,6.0,4.74,134,226,3,98.78,24.26,18.36,147.64,78,8,2,1,2.5,1,N
1,2023-01-26 07:48:18,2023-01-26 08:48:18,1.0,15.15,127,99,3,134.52,11.57,18.52,13.69,3,10,0,1,2.5,1,N
2,2023-01-14 11:03:42,2023-01-14 11:44:42,6.0,7.31,184,99,3,3.31,22.52,18.7,70.73,4,13,1,0,2.5,1,N
2,2023-01-01 01:27:19,2023-01-01 02:06:19,,4.26,53,153,3,67.25,46.28,0.29,235.66,28,20,6,0,2.5,1,N
2,2023-01-07 21:41:38,2023-01-07 21:55:38,6.0,20.76,119,240,3,122.87,38.97,10.38,13.91,50,17,6,0,2.5,6,N
2,2023-01-28 08:48:05,2023-01-28 09:17:05,6.0,23.84,155,93,2,131.06,40.38,0.36,40.28,6,11,5,0,2.5,1,N
1,2023-01-22 04:02:42,2023-01-22 05:27:42,6.0,9.09,155,153,1,40.9,35.14,12.09,146.51,41,15,4,0,2.5,1,N
2,2023-01-24 15:42:44,2023-01-24 16:11:44,2.0,0.36,19,47,3,68.08,36.2,10.17,239.56,23,13,1,1,2.5,1,N
2,2023-01-24 05:47:42,2023-01-24 06:19:42,6.0,33.98,28,23,3,47.21,7.48,8.61,235.26,83,2,4,0,2.5,1,N
1,2023-01-05 00:21:47,2023-01-05 01:41:47,6.0,16.67,134,159,1,179.96,17.34,1.05,66.61,73,7,6,0,2.5,2,N
2,2023-01-18 13:25:36,2023-01-18 13:32:36,4.0,22.85,99,63,3,60.97,41.6,2.1,154.6,48,4,5,0,2.5,1,N
2,2023-01-21 06:13:04,2023-01-21 06:21:04,4.0,2.73,46,11,5,176.69,8.86,6.26,241.36,13,13,0,0,2.5,1,N
2,2023-01-03 20:43:50,2023-01-03 22:03:50,6.0,21.75,214,3,2,177.02,3.76,4.84,158.53,25,23,4,0,2.5,1,N
1,2023-01-16 10:14:46,2023-01-16 10:43:46,5.0,26.71,111,100,5,106.33,42.32,3.58,57.73,19,17,6,0,2.5,1,N
2,2023-01-09 01:07:42,2023-01-09 01:29:42,5.0,1.75,154,66,3,174.49,39.04,17.03,174.33,77,15,0,1,2.5,1,N
2,2023-01-30 02:54:18,2023-01-30 03:39:18,6.0,18.37,183,258,2,17.64,7.91,0.57,129.28,55,12,4,0,2.5,1,N
2,2023-01-08 13:32:30,2023-01-08 13:37:30,6.0,5.06,193,127,5,27.42,26.41,4.36,124.96,32,8,4,0,2.5,1,N
2,2023-01-10 03:07:49,2023-01-10 03:45:49,6.0,5.23,89,127,5,82.83,2.08,18.34,123.63,3,5,3,0,2.5,1,N
2,2023-01-27 14:33:30,2023-01-27 14:36:30,6.0,21.56,7,42,5,139.13,7.43,17.43,30.79,75,21,5,0,2.5,1,N
2,2023-01-19 06:29:06,2023-01-19 07:31:06,4.0,21.71,144,27,4,194.18,12.86,7.1,197.99,55,0,6,1,2.5,1,N
1,2023-01-29 08:47:29,2023-01-29 10:03:29,4.0,19.43,64,80,4,94.71,35.2,16.09,88.7,23,21,4,1,2.5,1,N
2,2023-01-16 16:27:29,2023-01-16 17:22:29,4.0,17.9,258,222,5,3.96,15.25,3.04,48.63,80,5,0,0,2.5,1,N
1,2023-01-06 15:30:07,2023-01-06 15:47:07,2.0,16.5,238,165,5,38.35,40.52,12.81,111.89,68,19,3,1,2.5,1,N
1,2023-01-07 15:12:43,2023-01-07 16:24:43,5.0,16.89,232,48,5,89.01,1.18,17.66,161.83,8,20,3,1,2.5,1,N
1,2023-01-06 00:45:30,2023-01-06 01:45:30,,11.77,208,10,5,138.77,0.22,9.44,139.7,2,22,1,1,2.5,1,N
2,2023-01-25 09:50:35,2023-01-25 11:06:35,2.0,9.08,265,67,2,118.34,14.99,3.34,205.32,2,23,5,1,2.5,1,N
1,2023-01-01 17:17:57,2023-01-01 18:39:57,6.0,9.37,254,73,5,175.53,36.55,11.58,211.3,25,12,4,1,2.5,1,N
1,2023-01-23 06:58:33,2023-01-23 07:35:33,3.0,31.79,47,256,5,54.95,47.58,14.96,156.29,37,13,0,1,2.5,1,N
2,2023-01-14 05:11:26,2023-01-14 06:38:26,3.0,9.41,163,46,5,109.15,15.77,17.31,139.27,83,0,5,1,2.5,1,N
1,2023-01-17 07:46:34,2023-01-17 09:04:34,5.0,13.17,131,206,1,30.99,27.85,7.58,142.98,76,19,0,1,2.5,4,N
1,2023-01-25 20:23:58,2023-01-25 21:16:58,4.0,17.69,9,103,1,129.94,2.07,5.68,100.1,89,13,6,1,2.5,1,N
1,2023-01-29 07:42:54,2023-01-29 08:39:54,1.0,26.02,208,86,5,153.06,0.06,13.71,118.91,84,1,4,1,2.5,1,N
2,2023-01-09 13:13:34,2023-01-09 13:54:34,2.0,27.22,30,56,4,103.9,0.79,5.0,133.1,2,8,6,0,2.5,1,N
2,2023-01-28 19:11:54,2023-01-28 20:28:54,3.0,25.29,247,172,3,91.0,4.87,4.86,200.82,72,20,2,0,2.5,1,N
2,2023-01-28 07:44:48,2023-01-28 07:50:48,5.0,10.68,185,184,4,39.21,43.72,3.65,187.23,83,9,1,1,2.5,1,N
2,2023-01-25 12:57:10,2023-01-25 13:39:10,2.0,5.79,64,130,4,186.98,32.07,7.35,51.31,59,6,3,0,2.5,1,N
2,2023-01-04 17:21:07,2023-01-04 17:31:07,3.0,28.61,10,252,1,122.22,44.92,8.79,244.52,86,6,5,1,2.5,5,N
2,2023-01-05 13:42:52,2023-01-05 13:46:52,4.0,30.62,262,237,2,163.5,41.74,14.5,241.44,39,4,4,1,2.5,1,N
2,2023-01-02 00:23:31,2023-01-02 01:47:31,4.0,31.96,215,210,3,7.29,38.25,2.15,71.97,71,12,3,1,2.5,5,N
2,2023-01-27 19:47:26,2023-01-27 20:46:26,2.0,30.06,117,149,1,52.13,17.69,8.52,249.72,71,6,2,0,2.5,1,N
1,2023-01-29 14:36:19,2023-01-29 15:18:19,4.0,12.71,214,138,5,97.77,6.7,13.16,132.7,21,14,5,1,2.5,1,N
2,2023-01-10 04:11:01,2023-01-10 05:38:01,6.0,5.46,205,176,1,108.41,5.17,10.9,59.0,68,11,1,0,2.5,1,N
1,2023-01-16 18:36:00,2023-01-16 18:46:00,4.0,23.5,163,155,3,82.48,1.25,15.76,180.96,43,15,0,1,2.5,1,N
2,2023-01-18 02:27:22,2023-01-18 03:50:22,5.0,22.76,138,40,1,69.11,8.89,17.85,14.85,18,14,1,1,2.5,1,N
2,2023-01-12 17:46:31,2023-01-12 18:30:31,5.0,8.75,12,174,1,91.45,0.96,4.25,172.85,11,1,1,1,2.5,1,N
2,2023-01-30 05:49:01,2023-01-30 06:04:01,1.0,21.75,79,67,3,74.78,34.39,18.17,209.25,64,0,1,0,2.5,1,N
2,2023-01-29 06:41:18,2023-01-29 07:08:18,3.0,34.94,83,196,4,10.41,19.44,17.71,89.59,73,7,2,1,2.5,1,N
1,2023-01-07 22:17:26,2023-01-07 23:02:26,2.0,5.98,29,8,2,139.32,26.41,7.28,85.65,71,8,5,0,2.5,1,N
2,2023-01-17 11:55:22,2023-01-17 13:08:22,4.0,13.31,188,14,3,154.83,23.94,16.27,70.29,87,10,1,0,0.0,1,N
2,2023-01-06 23:49:19,2023-01-07 01:07:19,1.0,13.75,43,156,5,63.97,14.17,10.3,103.65,81,16,0,0,2.5,1,N
2,2023-01-03 14:47:54,2023-01-03 15:00:54,2.0,7.55,69,209,2,193.27,5.73,16.22,144.64,18,23,2,0,2.5,1,N
2,2023-01-26 13:23:30,2023-01-26 14:01:30,1.0,27.6,172,150,5,197.42,27.11,14.96,191.23,66,18,6,0,2.5,3,N
1,2023-01-26 23:40:28,2023-01-27 00:17:28,1.0,24.78,138,45,5,114.79,43.19,19.25,221.99,21,8,6,1,0.0,1,N
2,2023-01-01 09:24:08,2023-01-01 10:11:08,3.0,7.67,147,82,3,159.33,37.49,4.42,138.49,66,5,0,0,2.5,1,N
1,2023-01-17 07:25:26,2023-01-17 08:15:26,5.0,30.04,227,118,4,110.24,46.57,14.72,120.32,39,8,0,0,2.5,5,N
2,2023-01-06 05:26:48,2023-01-06 06:55:48,2.0,14.96,115,62,5,54.07,17.8,0.28,95.55,81,5,2,1,2.5,1,N
1,2023-01-17 21:35:23,2023-01-17 22:00:23,5.0,19.33,164,256,4,16.33,42.29,18.43,150.05,12,13,1,1,2.5,1,N
2,2023-01-10 19:40:32,2023-01-10 20:24:32,4.0,24.0,166,121,3,70.53,36.13,3.98,38.78,19,16,5,0,2.5,1,N
2,2023-01-17 00:38:21,2023-01-17 01:04:21,5.0,30.61,34,237,5,39.11,47.15,7.47,118.34,56,6,1,0,2.5,2,N
2,2023-01-23 03:33:50,2023-01-23 03:51:50,2.0,8.02,135,28,5,184.65,14.39,16.86,128.67,50,14,0,1,2.5,1,N
2,2023-01-03 13:03:32,2023-01-03 13:40:32,3.0,20.77,146,124,2,194.32,40.18,9.55,158.44,77,8,1,1,2.5,1,N
1,2023-01-15 09:56:04,2023-01-15 10:01:04,2.0,23.54,38,227,4,107.52,25.41,13.28,19.92,80,11,4,0,2.5,1,N
1,2023-01-11 06:25:27,2023-01-11 07:35:27,3.0,31.03,34,75,2,113.73,21.84,7.23,109.13,25,5,1,1,2.5,1,N
2,2023-01-12 19:11:47,2023-01-12 19:53:47,6.0,27.05,70,221,4,186.27,23.29,11.11,191.16,57,13,2,0,2.5,1,N
1,2023-01-28 22:04:25,2023-01-28 22:44:25,1.0,32.01,113,201,1,150.12,21.63,16.91,196.66,68,2,3,1,2.5,1,N
2,2023-01-28 13:29:45,2023-01-28 14:16:45,6.0,2.73,115,158,2,34.49,43.85,17.85,137.17,83,11,6,0,2.5,1,N
2,2023-01-20 13:35:10,2023-01-20 14:22:10,6.0,14.95,61,12,4,190.51,47.22,9.13,218.36,33,10,6,0,2.5,1,N
2,2023-01-23 16:15:20,2023-01-23 17:37:20,1.0,10.79,106,239,4,115.34,33.15,14.4,189.43,6,9,1,0,2.5,1,N
2,2023-01-12 13:43:36,2023-01-12 14:36:36,3.0,17.45,78,127,3,6.58,9.64,9.34,199.93,32,21,2,0,2.5,1,N
1,2023-01-19 23:38:17,2023-01-20 00:49:17,4.0,28.4,240,163,4,41.25,21.03,18.79,198.86,20,18,0,1,2.5,1,N
2,2023-01-15 03:13:18,2023-01-15 04:27:18,2.0,17.29,174,183,3,159.87,17.78,14.55,182.96,6,13,2,0,2.5,1,N
1,2023-01-11 04:49:24,2023-01-11 04:56:24,1.0,1.33,250,131,1,27.73,33.55,8.63,214.49,21,21,4,0,2.5,1,N
1,2023-01-24 17:54:23,2023-01-24 19:06:23,3.0,23.51,173,43,5,170.63,3.52,9.96,26.93,19,15,3,0,2.5,1,N
1,2023-01-26 18:23:47,2023-01-26 19:36:47,,0.46,142,159,1,157.8,32.71,3.66,127.43,8,15,2,0,0.0,1,N
2,2023-01-11 13:27:17,2023-01-11 14:25:17,3.0,3.51,130,159,5,9.46,23.34,18.82,206.88,69,11,0,1,2.5,1,N
1,2023-01-08 14:13:29,2023-01-08 14:21:29,6.0,25.5,71,23,5,67.88,13.05,5.1,30.0,56,6,6,1,2.5,1,N
1,2023-01-13 01:14:30,2023-01-13 01:16:30,3.0,29.1,48,53,1,102.61,3.18,3.63,41.33,15,7,2,1,2.5,1,N
1,2023-01-29 09:03:40,2023-01-29 09:06:40,4.0,11.2,212,58,5,17.51,2.65,9.04,102.2,37,23,6,0,2.5,1,N
2,2023-01-24 03:23:47,2023-01-24 04:26:47,5.0,19.96,104,96,4,116.97,44.61,14.52,142.32,75,16,5,1,2.5,1,N
2,2023-01-08 19:32:14,2023-01-08 20:22:14,5.0,19.2,49,148,4,196.1,28.84,13.65,181.8,23,2,5,0,2.5,1,N
2,2023-01-19 14:36:56,2023-01-19 15:10:56,,2.04,111,163,2,121.03,27.58,5.09,141.52,22,5,2,0,2.5,1,N
1,2023-01-25 14:27:41,2023-01-25 15:15:41,6.0,19.12,131,30,1,100.01,0.88,5.3,56.51,66,22,0,0,2.5,1,N
2,2023-01-11 17:05:29,2023-01-11 17:46:29,2.0,0.48,178,228,1,173.7,38.55,4.71,212.43,37,5,1,0,2.5,1,N
1,2023-01-28 10:13:56,2023-01-28 10:42:56,1.0,28.72,264,215,3,192.88,10.53,12.06,68.45,61,13,4,0,2.5,1,N
2,2023-01-29 00:49:36,2023-01-29 01:58:36,1.0,26.21,259,25,4,180.48,19.17,19.14,214.93,18,8,4,0,2.5,1,N
1,2023-01-07 19:05:17,2023-01-07 19:47:17,5.0,10.0,232,46,1,9.8,32.33,17.79,125.28,5,17,0,0,2.5,5,N
1,2023-01-19 01:56:25,2023-01-19 02:46:25,3.0,9.26,220,223,2,22.18,6.73,10.09,13.0,49,20,6,0,2.5,1,N
2,2023-01-07 21:11:25,2023-01-07 22:33:25,1.0,6.74,247,111,5,124.05,39.83,7.56,121.45,40,10,0,0,2.5,2,N
2,2023-01-21 03:08:07,2023-01-21 04:30:07,2.0,33.35,190,118,3,47.27,41.76,7.91,164.55,76,0,3,0,0.0,1,N
2,2023-01-03 08:35:27,2023-01-03 09:36:27,1.0,29.62,26,129,1,105.41,25.97,16.12,220.35,65,8,1,0,2.5,1,N
2,2023-01-20 05:19:36,2023-01-20 06:40:36,3.0,29.34,64,263,5,168.11,18.27,13.01,146.79,31,0,1,1,2.5,1,N
1,2023-01-11 05:45:32,2023-01-11 06:17:32,4.0,16.37,123,42,2,187.84,12.59,0.83,247.88,11,5,3,0,2.5,1,N
2,2023-01-16 08:07:43,2023-01-16 08:41:43,2.0,28.42,209,250,1,68.39,36.2,1.51,97.04,49,9,2,0,0.0,1,N
1,2023-01-16 00:11:08,2023-01-16 01:35:08,2.0,20.75,204,65,3,170.12,17.03,9.63,63.69,71,2,3,0,2.5,1,N
1,2023-01-30 19:42:28,2023-01-30 21:02:28,6.0,10.55,233,239,1,102.04,40.48,10.65,112.51,28,0,6,0,2.5,1,N
1,2023-01-03 13:53:23,2023-01-03 14:09:23,1.0,15.12,42,129,4,132.57,36.62,19.21,165.63,56,7,5,1,2.5,1,N
2,2023-01-18 10:56:08,2023-01-18 10:58:08,,14.38,159,202,4,27.27,17.65,2.82,26.46,4,0,2,1,2.5,1,N
2,2023-01-05 09:21:28,2023-01-05 09:38:28,1.0,12.38,204,29,5,15.01,11.44,16.15,25.23,65,6,3,0,2.5,1,N
2,2023-01-20 10:58:32,2023-01-20 12:06:32,5.0,8.56,105,97,2,156.63,17.89,17.91,157.2,75,2,2,1,2.5,1,N
2,2023-01-13 15:57:09,2023-01-13 16:19:09,6.0,14.0,91,50,3,120.69,17.11,7.55,97.81,24,12,1,0,2.5,1,N
1,2023-01-05 23:35:57,2023-01-06 01:03:57,2.0,21.02,176,153,4,165.22,47.83,3.24,196.46,60,19,3,0,2.5,1,N
2,2023-01-06 09:41:56,2023-01-06 10:03:56,2.0,6.95,236,7,1,25.37,31.37,4.93,68.13,67,20,0,1,2.5,1,N
1,2023-01-04 17:07:01,2023-01-04 17:23:01,2.0,5.05,121,101,2,36.45,32.88,13.26,110.06,23,14,1,0,2.5,1,N
2,2023-01-24 04:54:52,2023-01-24 05:02:52,3.0,24.19,111,135,1,14.94,14.18,1.4,130.21,17,2,3,1,2.5,1,N
1,2023-01-28 09:17:54,2023-01-28 10:42:54,2.0,18.47,21,127,4,130.9,18.21,17.71,235.76,35,1,5,1,2.5,1,N
2,2023-01-10 16:09:55,2023-01-10 16:38:55,2.0,12.39,67,218,4,124.08,23.31,15.13,4.81,77,17,4,0,2.5,1,N
2,2023-01-12 11:03:47,2023-01-12 12:17:47,2.0,31.79,22,161,1,86.55,48.84,15.89,56.6,34,17,6,0,2.5,1,N
1,2023-01-02 09:21:52,2023-01-02 10:11:52,6.0,16.2,243,215,1,29.22,33.38,14.81,25.73,20,6,1,1,2.5,1,N
2,2023-01-06 00:34:06,2023-01-06 00:50:06,2.0,11.68,224,133,3,7.21,7.7,2.57,247.86,27,23,0,1,2.5,1,N
1,2023-01-05 15:15:24,2023-01-05 15:36:24,1.0,7.65,189,95,4,53.65,49.55,14.62,35.66,25,15,4,1,2.5,2,N
1,2023-01-29 10:17:39,2023-01-29 10:26:39,2.0,11.38,57,78,4,3.05,13.46,11.98,206.33,48,10,3,1,2.5,1,N
1,2023-01-10 05:12:46,2023-01-10 05:23:46,4.0,9.65,123,183,3,189.88,31.09,1.02,131.46,61,15,6,1,2.5,5,N
1,2023-01-24 12:24:23,2023-01-24 13:36:23,1.0,30.35,4,245,5,36.11,43.76,5.69,196.26,26,0,0,1,2.5,1,N
1,2023-01-05 08:58:11,2023-01-05 09:57:11,3.0,31.23,255,263,3,54.93,30.79,8.46,77.52,31,17,1,1,2.5,1,N
2,2023-01-06 08:47:56,2023-01-06 09:03:56,,14.5,15,62,3,160.22,46.3,10.86,120.44,44,5,2,1,2.5,1,N
1,2023-01-07 11:11:48,2023-01-07 11:49:48,5.0,9.21,160,113,2,199.0,42.4,3.61,244.54,29,0,5,1,2.5,1,N
1,2023-01-06 18:15:23,2023-01-06 18:37:23,3.0,4.65,132,165,4,125.06,1.75,10.54,26.51,41,15,1,1,2.5,1,N
