Store,DayOfWeek,Date,Sales,Customers,Open,Promo,StateHoliday,SchoolHoliday,StoreType,Assortment,CompetitionDistance,CompetitionOpenSinceMonth,Promo2,Promo2SinceWeek,Promo2SinceYear,Sales_per_Customer
811,3,2013-01-01,26623,0,1,1,b,0,b,c,9393.0,7.0,1,,,
1079,1,2013-01-02,32401,316,0,1,0,1,c,a,19766.0,1.0,1,,,68.38
1052,2,2013-01-03,27999,5679,1,0,0,1,b,a,25685.0,12.0,0,,2012.0,42.38
231,6,2013-01-04,8434,4551,1,0,0,0,c,a,63130.0,12.0,1,43.0,,
113,7,2013-01-05,15592,6663,1,1,0,0,a,a,26223.0,,0,,,
212,6,2013-01-06,23199,6708,1,0,0,1,a,c,37061.0,7.0,1,3.0,2010.0,33.09
58,1,2013-01-07,38438,3569,1,0,0,0,a,c,53231.0,11.0,1,,2012.0,29.26
909,5,2013-01-08,24789,5201,1,1,0,0,a,a,4899.0,4.0,1,20.0,,
692,4,2013-01-09,10468,6245,0,1,0,1,b,c,74823.0,6.0,1,36.0,2009.0,22.59
140,6,2013-01-10,14446,5648,1,1,0,1,a,c,11011.0,4.0,0,36.0,2011.0,6.17
389,7,2013-01-11,13199,3154,1,1,0,0,b,a,72047.0,,1,40.0,,
36,3,2013-01-12,28308,3113,1,1,0,0,c,a,47013.0,,0,,2013.0,33.51
741,7,2013-01-13,9415,3325,1,0,0,1,a,a,31789.0,9.0,0,,2010.0,97.68
949,3,2013-01-14,41307,5321,1,1,0,1,a,a,71758.0,1.0,0,21.0,,
441,3,2013-01-15,29686,4268,1,1,0,1,c,a,48343.0,11.0,1,,2011.0,
828,4,2013-01-16,9326,0,1,1,0,0,a,c,52006.0,8.0,1,,2009.0,
570,5,2013-01-17,24381,3194,1,0,0,1,a,a,69692.0,11.0,0,,2015.0,14.18
773,7,2013-01-18,11190,2472,1,0,0,1,a,c,19543.0,1.0,1,,2009.0,
1077,6,2013-01-19,23849,1856,1,0,0,1,d,a,56902.0,5.0,1,,2015.0,99.46
449,7,2013-01-20,0,6683,1,0,0,1,a,a,16544.0,8.0,0,,2009.0,62.37
522,2,2013-01-21,0,0,1,0,0,1,a,c,11505.0,11.0,0,,,12.01
422,7,2013-01-22,0,0,0,1,0,1,b,c,32896.0,11.0,0,,2013.0,
757,4,2013-01-23,34414,0,1,1,0,0,a,a,69746.0,7.0,0,50.0,2011.0,11.09
462,6,2013-01-24,32277,1464,1,0,0,0,a,a,49578.0,6.0,1,37.0,2010.0,13.29
1112,7,2013-01-25,10844,4024,1,1,0,1,a,c,34097.0,10.0,0,,,71.73
710,4,2013-01-26,34337,5100,0,1,0,0,b,c,13711.0,,0,31.0,2011.0,72.43
445,7,2013-01-27,31694,5828,0,0,0,1,d,a,32137.0,,0,1.0,2014.0,22.6
497,1,2013-01-28,13392,2886,1,1,0,1,c,c,49449.0,,1,,2009.0,68.44
11,7,2013-01-29,21658,0,1,1,0,0,c,a,5125.0,,0,31.0,,92.7
560,7,2013-01-30,76,3033,1,0,0,0,d,a,32859.0,1.0,1,40.0,,83.42
785,5,2013-01-31,37028,5125,1,1,0,1,a,a,65209.0,9.0,1,,2011.0,26.53
249,4,2013-02-01,28528,7017,1,1,0,1,b,c,2597.0,8.0,0,11.0,2015.0,34.46
716,5,2013-02-02,1657,2277,1,0,0,0,d,c,69371.0,,0,,2012.0,97.56
616,6,2013-02-03,31483,2565,1,1,0,1,b,a,49678.0,12.0,1,,,46.4
396,2,2013-02-04,9740,1271,1,1,0,0,a,c,67897.0,,0,,2012.0,85.85
902,4,2013-02-05,21092,2700,1,0,0,0,d,c,47841.0,2.0,0,,2013.0,3.12
816,6,2013-02-06,7469,0,1,0,0,1,a,a,14717.0,11.0,1,,2009.0,3.26
207,6,2013-02-07,561,4142,1,0,0,1,a,a,59550.0,7.0,0,32.0,,16.64
853,6,2013-02-08,2323,226,1,1,0,0,b,c,8319.0,,0,25.0,,27.25
255,3,2013-02-09,991,0,1,1,0,0,a,a,4711.0,12.0,0,40.0,,88.45
257,4,2013-02-10,27775,0,1,1,0,0,a,a,16880.0,,0,30.0,,14.33
607,5,2013-02-11,38800,3631,1,1,0,0,a,a,7705.0,12.0,1,2.0,,82.1
216,6,2013-02-12,32839,1655,1,1,0,1,a,c,19116.0,4.0,1,,2014.0,69.16
58,5,2013-02-13,39548,826,1,1,0,1,a,a,1166.0,,1,23.0,2013.0,46.95
760,2,2013-02-14,21853,3668,1,0,0,1,a,c,25478.0,7.0,0,9.0,2013.0,52.45
848,1,2013-02-15,14436,7186,1,1,c,1,a,c,68394.0,3.0,0,23.0,,
476,6,2013-02-16,34646,3665,1,1,0,0,c,a,38733.0,12.0,0,19.0,,30.44
360,1,2013-02-17,8858,6707,1,0,0,0,a,a,56239.0,,1,26.0,,79.71
140,5,2013-02-18,26526,5031,1,0,0,1,b,c,74832.0,,1,,,16.78
863,5,2013-02-19,5790,5842,1,1,0,1,d,c,37481.0,8.0,1,,2013.0,16.66
125,1,2013-02-20,26815,898,1,0,0,1,a,c,27956.0,11.0,1,30.0,,61.76
632,3,2013-02-21,0,5782,1,1,0,1,d,a,47816.0,6.0,0,,2010.0,32.03
8,3,2013-02-22,9674,0,1,1,0,0,b,a,16947.0,9.0,1,,,1.39
643,1,2013-02-23,31544,5989,1,0,a,1,d,c,73084.0,12.0,1,14.0,2011.0,64.27
90,5,2013-02-24,40119,330,1,1,0,1,a,a,15672.0,4.0,0,,2013.0,80.52
134,3,2013-02-25,28138,2072,1,1,0,0,b,c,69873.0,1.0,0,45.0,,
751,6,2013-02-26,20530,5916,1,1,0,0,a,c,44951.0,12.0,1,40.0,2009.0,47.42
358,5,2013-02-27,30001,484,0,1,0,0,d,c,24025.0,9.0,1,37.0,2011.0,69.08
1046,3,2013-02-28,40013,6596,1,0,a,1,a,a,52263.0,6.0,0,6.0,,
697,4,2013-03-01,33231,1279,1,1,0,1,a,a,53497.0,10.0,0,14.0,,64.36
888,2,2013-03-02,0,7319,1,1,0,1,a,c,34929.0,,1,19.0,,41.69
163,1,2013-03-03,22731,6200,1,0,0,0,a,a,38001.0,,0,,2011.0,73.09
537,2,2013-03-04,18726,3836,1,1,0,1,a,c,61819.0,,1,,2013.0,95.49
497,1,2013-03-05,21337,293,1,0,0,1,a,a,56489.0,,0,33.0,,74.62
775,7,2013-03-06,29410,6271,1,1,0,0,a,a,1186.0,,0,41.0,2009.0,59.63
25,2,2013-03-07,9015,254,1,0,0,1,a,a,55547.0,3.0,1,,2015.0,14.59
659,3,2013-03-08,33374,3392,0,0,0,0,a,c,46277.0,8.0,1,39.0,2011.0,9.03
952,4,2013-03-09,21126,5510,0,0,0,1,a,c,32808.0,2.0,1,,2012.0,1.7
259,3,2013-03-10,9731,1499,0,1,0,1,b,a,45941.0,,1,32.0,,49.32
301,7,2013-03-11,0,365,1,1,0,1,a,a,22670.0,2.0,0,24.0,,27.15
446,2,2013-03-12,0,6198,0,1,0,0,b,a,68189.0,12.0,1,,2013.0,16.96
848,6,2013-03-13,22234,6200,1,0,0,1,b,c,39404.0,2.0,0,34.0,,
534,3,2013-03-14,1623,343,1,0,0,0,a,a,15531.0,10.0,1,,2012.0,96.51
924,5,2013-03-15,24310,949,1,0,0,0,a,a,37041.0,5.0,0,17.0,2012.0,22.17
304,7,2013-03-16,2085,4388,1,1,b,0,b,c,28306.0,6.0,1,29.0,,
1056,1,2013-03-17,35967,27,0,1,0,1,a,a,13586.0,2.0,1,,2009.0,98.08
1049,4,2013-03-18,4764,6917,1,0,0,1,a,a,37463.0,,1,,2009.0,13.54
344,4,2013-03-19,31131,3080,1,1,0,1,a,c,20410.0,12.0,0,51.0,2009.0,24.18
311,5,2013-03-20,23433,2004,1,1,0,0,a,c,39756.0,,1,6.0,2014.0,
854,5,2013-03-21,29422,1711,1,0,0,1,a,a,8425.0,12.0,1,40.0,2014.0,72.65
775,7,2013-03-22,26456,1864,1,1,0,0,a,c,21446.0,,0,,2011.0,85.33
784,4,2013-03-23,13531,5579,1,1,0,1,a,c,22188.0,12.0,0,30.0,2015.0,
366,7,2013-03-24,37384,0,1,1,0,1,c,a,38696.0,,1,,2010.0,2.77
727,7,2013-03-25,33090,4230,1,0,0,1,a,c,1801.0,9.0,0,47.0,2012.0,21.61
534,7,2013-03-26,18659,3717,1,0,0,1,c,a,12363.0,7.0,1,41.0,2011.0,54.81
1008,3,2013-03-27,35849,1581,1,1,0,0,c,a,42668.0,,1,49.0,,12.39
788,7,2013-03-28,32574,0,1,0,0,1,a,a,28156.0,3.0,0,,,13.49
719,1,2013-03-29,14584,2620,1,1,0,0,a,a,3561.0,6.0,1,,,81.25
850,5,2013-03-30,25479,0,1,0,0,1,a,c,71639.0,7.0,0,,,75.26
529,1,2013-03-31,7835,0,1,0,a,0,a,a,63509.0,,0,40.0,,20.09
262,7,2013-04-01,17205,2498,1,1,0,0,c,c,14057.0,6.0,1,52.0,2009.0,49.32
612,3,2013-04-02,0,5461,1,0,0,0,c,a,16180.0,10.0,1,,,97.92
612,6,2013-04-03,0,3173,1,1,0,1,a,c,10419.0,,0,,,59.14
492,5,2013-04-04,13699,4494,0,0,0,0,b,a,62919.0,9.0,0,28.0,,72.37
712,7,2013-04-05,8922,6159,0,1,0,1,c,c,2299.0,3.0,0,,2013.0,65.42
523,2,2013-04-06,0,4897,1,0,0,1,a,c,74698.0,9.0,1,11.0,,41.93
40,7,2013-04-07,31724,6973,1,0,0,0,a,a,55542.0,,1,,,81.71
988,2,2013-04-08,1464,2215,1,1,0,0,a,a,420.0,7.0,0,,2012.0,7.83
845,4,2013-04-09,22515,2406,1,0,0,1,a,a,46995.0,,0,47.0,,60.6
1103,1,2013-04-10,23286,1805,0,0,0,1,a,a,56756.0,3.0,1,,2015.0,41.17
698,1,2013-04-11,34226,4706,1,0,0,0,a,c,15316.0,10.0,0,,,
976,4,2013-04-12,8767,5661,1,1,0,0,a,a,7530.0,11.0,1,36.0,,61.92
714,7,2013-04-13,15249,6092,1,0,0,0,d,a,30656.0,,1,,,27.21
1097,3,2013-04-14,1594,2421,0,1,0,0,a,a,15109.0,9.0,0,,2012.0,76.33
227,4,2013-04-15,7935,4684,1,0,0,0,a,a,14578.0,,1,6.0,2015.0,39.52
301,3,2013-04-16,30598,0,1,0,0,1,b,a,51819.0,,0,,2009.0,77.69
550,7,2013-04-17,20122,6565,1,1,0,1,b,c,53004.0,4.0,0,52.0,,11.33
260,2,2013-04-18,30327,585,1,1,0,0,a,c,67354.0,2.0,0,42.0,,36.59
635,3,2013-04-19,20426,0,1,1,0,0,b,a,10470.0,5.0,0,8.0,2010.0,56.82
421,3,2013-04-20,29981,2179,1,0,0,1,a,c,4375.0,10.0,0,4.0,2010.0,12.54
387,5,2013-04-21,13251,0,1,1,0,1,a,c,57310.0,,1,2.0,,50.41
388,4,2013-04-22,24270,186,1,0,0,1,c,a,50605.0,,1,35.0,2012.0,88.15
763,7,2013-04-23,25113,4456,1,0,0,1,d,c,25799.0,5.0,0,48.0,2015.0,6.4
160,1,2013-04-24,27285,1735,1,0,0,1,a,c,34444.0,3.0,0,35.0,,
44,2,2013-04-25,12451,4126,0,1,0,0,a,c,36075.0,8.0,0,,,79.37
998,3,2013-04-26,0,2224,1,0,0,1,a,a,54985.0,,0,,2015.0,11.86
565,3,2013-04-27,24627,2502,1,1,0,1,d,a,61224.0,,0,24.0,2015.0,5.11
905,4,2013-04-28,37494,0,1,0,0,0,c,a,58946.0,,0,,,48.37
67,7,2013-04-29,22124,600,1,0,0,0,c,c,40346.0,6.0,1,33.0,2014.0,94.58
271,7,2013-04-30,0,6445,1,1,0,1,d,c,31417.0,,0,,2009.0,
489,4,2013-05-01,898,6149,1,1,0,1,a,c,29307.0,,1,11.0,2009.0,86.0
576,5,2013-05-02,3671,4984,1,1,0,1,c,c,68473.0,4.0,1,51.0,2010.0,93.88
995,5,2013-05-03,27709,0,1,0,0,0,d,a,29075.0,9.0,0,,,51.27
156,5,2013-05-04,6128,6495,1,1,0,1,b,a,39333.0,,1,40.0,,7.2
502,4,2013-05-05,17030,210,0,0,0,1,a,a,39673.0,,1,44.0,,10.27
179,7,2013-05-06,0,0,1,0,0,0,d,c,61527.0,4.0,1,5.0,,71.56
1095,4,2013-05-07,33335,0,1,1,0,1,a,a,12485.0,7.0,0,,,
740,5,2013-05-08,10008,358,1,1,0,0,a,a,3009.0,,0,,,22.89
842,3,2013-05-09,30147,4844,0,1,0,1,a,a,21068.0,4.0,0,,,75.77
696,3,2013-05-10,19877,4672,1,1,0,1,a,a,875.0,11.0,0,,2015.0,
1056,7,2013-05-11,32852,2688,1,1,0,1,c,c,42254.0,2.0,0,,2013.0,56.07
1087,2,2013-05-12,19606,6416,1,0,0,1,a,a,73737.0,5.0,0,,2015.0,37.11
977,6,2013-05-13,10941,5834,1,1,b,0,b,c,15431.0,7.0,1,,,70.28
233,1,2013-05-14,40026,0,1,1,0,1,a,c,8586.0,9.0,0,,,68.32
956,7,2013-05-15,31027,6123,0,1,0,0,a,c,46530.0,4.0,0,52.0,2014.0,82.44
290,1,2013-05-16,26770,928,1,0,0,1,a,c,73099.0,10.0,1,49.0,2010.0,28.13
368,7,2013-05-17,27361,6362,1,1,0,1,a,a,19532.0,,0,,2009.0,40.13
18,7,2013-05-18,36276,4430,1,1,a,0,c,a,6241.0,,1,,2013.0,22.63
918,1,2013-05-19,38228,570,1,1,0,0,a,a,48312.0,9.0,0,,,52.69
1012,7,2013-05-20,6663,4125,1,0,0,1,a,a,73764.0,,1,13.0,,
376,7,2013-05-21,27083,2790,1,0,0,1,b,a,9390.0,,1,,,89.45
867,2,2013-05-22,0,4375,1,1,a,1,b,c,42667.0,1.0,0,45.0,,33.93
946,1,2013-05-23,4671,0,0,1,0,1,b,c,38109.0,2.0,0,,,32.83
640,1,2013-05-24,35371,31,1,1,0,1,a,a,19730.0,1.0,0,1.0,,
524,7,2013-05-25,22391,0,1,0,b,0,a,a,56910.0,2.0,1,,2010.0,
717,7,2013-05-26,3227,6014,1,1,0,0,b,c,22939.0,10.0,1,7.0,,
10,4,2013-05-27,26597,3115,0,1,0,0,a,a,23939.0,,0,,2015.0,93.66
505,6,2013-05-28,0,2624,1,1,a,1,a,a,29257.0,9.0,1,,,51.02
1020,3,2013-05-29,38239,5536,1,1,0,1,a,c,57931.0,5.0,0,,2014.0,80.95
377,1,2013-05-30,0,2252,1,0,0,1,a,a,3768.0,6.0,0,17.0,,32.69
777,5,2013-05-31,11700,5866,1,0,0,0,d,a,25074.0,,0,41.0,,41.65
42,2,2013-06-01,34460,4222,1,0,a,0,d,a,57269.0,6.0,0,,2012.0,90.11
766,7,2013-06-02,15006,0,1,0,0,1,b,a,58619.0,8.0,1,18.0,2014.0,
366,6,2013-06-03,8530,5099,0,0,0,0,c,a,57523.0,10.0,0,,,
978,7,2013-06-04,0,6972,1,0,0,1,d,c,65781.0,12.0,1,,2015.0,83.1
819,5,2013-06-05,19671,5630,1,0,0,1,a,c,14158.0,5.0,1,,2010.0,60.76
1073,2,2013-06-06,25337,3671,1,0,0,1,a,c,3652.0,8.0,1,28.0,2012.0,10.16
107,3,2013-06-07,11425,4591,1,1,0,1,a,a,10643.0,2.0,0,4.0,2011.0,6.01
855,6,2013-06-08,18515,7145,1,1,0,1,d,a,20072.0,8.0,0,10.0,2015.0,88.16
322,6,2013-06-09,34302,3999,1,0,a,1,b,c,28762.0,,1,,,
636,2,2013-06-10,30007,1006,1,0,0,0,b,c,73358.0,,0,15.0,2010.0,46.33
266,1,2013-06-11,40913,0,1,0,0,1,a,c,70206.0,2.0,1,,2014.0,17.96
199,1,2013-06-12,0,2590,1,1,0,0,b,a,7117.0,,0,17.0,2014.0,46.96
932,4,2013-06-13,33525,0,1,0,0,1,a,a,11501.0,3.0,0,,2014.0,41.58
800,2,2013-06-14,16051,3385,1,1,0,1,a,c,9872.0,7.0,0,15.0,2013.0,78.12
581,7,2013-06-15,30288,5203,1,0,0,1,a,c,65769.0,9.0,1,,,9.33
560,6,2013-06-16,17240,6945,1,1,0,0,a,a,1179.0,3.0,0,,2015.0,63.79
578,6,2013-06-17,0,4927,1,1,0,1,a,c,31753.0,10.0,0,2.0,2014.0,
587,1,2013-06-18,3532,776,1,1,0,1,a,c,20195.0,9.0,0,1.0,,28.97
871,2,2013-06-19,41299,6911,0,0,0,1,a,a,65634.0,,1,,2015.0,72.44
729,6,2013-06-20,40090,4049,1,0,0,0,a,c,44736.0,,1,42.0,2015.0,9.53
986,6,2013-06-21,0,3312,1,1,0,1,a,a,48827.0,12.0,0,17.0,2010.0,48.32
847,7,2013-06-22,0,981,1,0,0,0,a,c,19394.0,,1,14.0,2013.0,36.15
262,4,2013-06-23,32788,3412,1,0,0,1,a,a,58099.0,10.0,1,19.0,2014.0,
291,6,2013-06-24,24873,1651,0,1,0,1,a,c,73485.0,7.0,0,,2013.0,95.62
559,2,2013-06-25,21519,2887,1,1,0,1,b,c,61928.0,7.0,1,40.0,,76.4
354,2,2013-06-26,13883,4489,1,1,0,0,d,a,34964.0,8.0,0,,2012.0,19.0
749,6,2013-06-27,34681,1034,1,1,0,0,a,c,1193.0,12.0,1,,2015.0,81.81
269,7,2013-06-28,26991,0,1,0,0,1,a,c,46451.0,6.0,1,41.0,2012.0,3.08
497,1,2013-06-29,37564,4009,1,0,0,1,b,c,44743.0,9.0,1,22.0,2013.0,68.3
842,6,2013-06-30,38519,2117,1,1,b,0,d,a,17391.0,1.0,1,16.0,,4.7
586,5,2013-07-01,38034,0,1,0,0,0,d,c,2976.0,10.0,0,,2015.0,83.99
518,5,2013-07-02,0,0,1,1,0,0,a,c,47843.0,6.0,1,,,
1082,6,2013-07-03,26597,0,1,0,0,1,a,a,60339.0,12.0,0,32.0,2015.0,65.03
664,7,2013-07-04,13415,5971,1,0,0,0,b,a,20664.0,1.0,0,37.0,2010.0,24.23
847,2,2013-07-05,18582,2138,1,0,0,0,c,c,44586.0,,1,5.0,2013.0,
594,2,2013-07-06,29566,251,1,0,0,1,b,c,71305.0,,0,,2012.0,22.07
726,7,2013-07-07,22798,6434,1,0,0,1,a,a,46201.0,3.0,1,38.0,,
946,1,2013-07-08,0,1658,0,0,0,1,a,c,62275.0,3.0,0,11.0,2014.0,50.2
223,5,2013-07-09,30971,3008,1,1,0,0,a,a,57321.0,,1,3.0,2010.0,5.4
650,2,2013-07-10,27962,3891,1,0,0,0,a,c,921.0,1.0,1,45.0,2009.0,77.59
368,3,2013-07-11,11074,5550,1,1,0,1,a,a,50564.0,1.0,1,38.0,,49.92
1093,3,2013-07-12,0,6718,0,1,0,1,c,a,31228.0,,0,,,55.81
512,4,2013-07-13,30195,3032,1,1,0,0,b,a,10976.0,,1,49.0,2012.0,64.78
666,2,2013-07-14,33692,2740,1,0,0,1,a,a,31485.0,4.0,1,7.0,2014.0,
43,4,2013-07-15,40244,1499,0,1,0,1,b,c,14393.0,6.0,1,,,60.29
561,4,2013-07-16,28976,0,1,1,a,0,a,c,41344.0,,0,36.0,,
467,2,2013-07-17,0,4125,1,1,0,1,a,a,27904.0,,1,22.0,2011.0,46.86
70,1,2013-07-18,465,695,0,1,0,0,a,c,60993.0,,0,,2011.0,60.17
2,2,2013-07-19,20625,6386,1,1,0,1,c,c,62012.0,11.0,1,1.0,,24.29
473,5,2013-07-20,23334,1548,1,0,0,1,b,a,66001.0,6.0,1,,,8.59
942,1,2013-07-21,4287,4368,1,1,0,0,a,a,51571.0,6.0,1,,2010.0,41.36
375,1,2013-07-22,18805,3672,1,1,0,1,a,a,43892.0,1.0,1,,,15.27
936,5,2013-07-23,2799,0,1,1,0,0,a,a,49231.0,8.0,1,,2011.0,7.8
650,3,2013-07-24,0,2171,1,0,0,1,a,a,52891.0,10.0,0,,2013.0,72.5
673,1,2013-07-25,5625,3839,1,1,b,0,d,a,38476.0,8.0,0,41.0,,61.29
390,4,2013-07-26,22787,4387,0,0,0,1,d,c,21647.0,5.0,0,4.0,,15.87
853,6,2013-07-27,30701,1290,0,1,0,0,c,c,62834.0,,1,51.0,2011.0,49.18
345,2,2013-07-28,4651,2230,1,0,0,0,a,a,6599.0,,0,,,91.41
768,6,2013-07-29,15349,3566,1,0,0,0,a,a,16569.0,1.0,0,52.0,2010.0,91.08
1114,7,2013-07-30,32969,1761,1,1,0,1,a,c,533.0,9.0,1,,2015.0,
640,4,2013-07-31,21357,1050,1,1,0,1,a,a,24061.0,7.0,0,22.0,,91.55
357,1,2013-08-01,36479,4760,0,1,0,0,d,a,1757.0,10.0,1,,2012.0,84.87
506,7,2013-08-02,4930,0,1,0,0,0,a,a,19446.0,,1,,,12.16
950,2,2013-08-03,23036,5363,1,0,0,1,c,c,55260.0,10.0,0,,,27.95
581,6,2013-08-04,26663,1052,1,0,0,0,a,a,24884.0,10.0,1,19.0,,26.4
903,3,2013-08-05,36376,6793,1,1,0,1,c,c,15758.0,,1,48.0,2014.0,3.88
996,6,2013-08-06,21326,3939,1,1,0,1,c,a,24441.0,11.0,0,,2014.0,54.79
362,6,2013-08-07,12925,4178,1,0,0,0,a,a,53718.0,,1,,,
154,3,2013-08-08,9106,2956,1,1,b,0,a,c,3407.0,7.0,1,42.0,2014.0,5.17
425,4,2013-08-09,12135,7001,1,0,0,0,a,a,6999.0,10.0,1,27.0,,59.94
200,1,2013-08-10,7489,0,1,1,0,0,a,c,66768.0,6.0,1,,2013.0,21.49
827,3,2013-08-11,36783,0,1,1,0,0,a,c,61600.0,3.0,1,13.0,,
646,7,2013-08-12,8748,5411,1,1,0,1,c,c,70520.0,12.0,1,8.0,2011.0,2.78
431,4,2013-08-13,17346,3905,1,1,0,0,a,c,47454.0,,0,25.0,,1.16
900,3,2013-08-14,4807,3995,1,0,0,1,a,a,73189.0,,1,,2009.0,66.04
47,6,2013-08-15,41309,3409,1,1,0,0,b,a,28772.0,4.0,1,11.0,,21.62
98,5,2013-08-16,17738,3719,1,0,0,0,a,a,21052.0,2.0,0,10.0,2013.0,95.92
562,4,2013-08-17,38866,0,1,1,0,0,c,c,62424.0,3.0,0,17.0,,90.13
252,2,2013-08-18,21348,3805,1,0,0,0,a,c,74402.0,5.0,1,,2014.0,4.02
593,2,2013-08-19,22301,1711,1,0,a,0,a,c,52718.0,,0,36.0,2012.0,82.97
164,3,2013-08-20,33810,6138,1,1,0,1,d,c,75039.0,12.0,1,42.0,2013.0,67.61
372,2,2013-08-21,32593,962,0,1,0,1,d,c,63316.0,,0,,2014.0,40.92
662,2,2013-08-22,37556,0,1,0,0,1,a,a,17484.0,5.0,1,42.0,,23.15
60,6,2013-08-23,33229,0,1,0,0,0,b,a,53866.0,9.0,1,29.0,,56.77
413,5,2013-08-24,37321,3510,1,0,0,0,c,a,23477.0,10.0,1,,,90.95
489,2,2013-08-25,14802,5029,1,0,0,0,a,a,3786.0,3.0,1,17.0,,11.5
922,4,2013-08-26,871,6168,1,1,0,1,a,a,27123.0,10.0,0,12.0,2011.0,91.95
1073,4,2013-08-27,19174,5304,1,0,0,0,b,c,43136.0,6.0,1,,2014.0,68.11
140,7,2013-08-28,6988,1172,1,1,0,1,c,c,8222.0,10.0,1,,2013.0,7.24
1037,5,2013-08-29,37525,4979,1,1,0,1,c,c,41227.0,8.0,0,27.0,,49.4
1090,6,2013-08-30,30599,5616,1,0,0,0,a,c,29940.0,1.0,1,48.0,,
931,2,2013-08-31,21112,4785,1,1,a,1,b,c,62358.0,5.0,1,29.0,2015.0,68.98
738,3,2013-09-01,24983,2880,1,0,0,1,a,a,73874.0,1.0,1,46.0,2014.0,7.14
413,1,2013-09-02,0,0,0,0,0,0,b,c,13592.0,3.0,0,,2014.0,39.16
121,5,2013-09-03,0,714,1,0,0,0,a,a,61920.0,1.0,1,8.0,,10.31
205,7,2013-09-04,0,5848,1,0,0,1,b,a,17122.0,1.0,0,50.0,,96.04
1093,5,2013-09-05,31581,6429,1,0,0,0,a,a,33044.0,5.0,0,15.0,,28.12
1088,6,2013-09-06,17720,4139,1,0,0,1,a,c,7262.0,,1,11.0,2010.0,
796,1,2013-09-07,18521,6578,1,0,0,1,a,a,38825.0,8.0,0,,,23.66
958,7,2013-09-08,18690,0,1,0,0,0,a,c,34259.0,,1,,,56.23
559,6,2013-09-09,0,6800,1,0,0,0,a,a,33398.0,11.0,0,10.0,,
218,4,2013-09-10,20506,1885,1,0,0,0,b,a,406.0,3.0,1,31.0,,69.85
825,3,2013-09-11,997,2777,1,0,0,1,a,a,34467.0,4.0,0,16.0,2009.0,17.27
475,2,2013-09-12,31329,1964,1,0,0,1,b,a,46985.0,11.0,0,,,
582,7,2013-09-13,38712,2726,1,1,0,1,a,c,4088.0,12.0,0,,,58.11
672,4,2013-09-14,40626,981,1,0,0,1,a,c,11523.0,9.0,1,10.0,2012.0,90.8
895,7,2013-09-15,11363,3660,1,0,0,1,a,a,23238.0,,0,,2009.0,8.46
679,6,2013-09-16,16179,1042,1,1,0,1,a,a,11487.0,2.0,0,,2015.0,30.82
907,7,2013-09-17,0,1240,1,1,0,0,c,a,60667.0,12.0,0,,,55.41
720,5,2013-09-18,33653,6584,1,0,0,0,b,c,7527.0,3.0,0,,,
244,4,2013-09-19,26815,802,1,1,0,0,a,c,23599.0,12.0,0,,2014.0,
1060,4,2013-09-20,26174,3322,1,1,0,0,a,c,34701.0,1.0,0,,2010.0,1.58
262,1,2013-09-21,40971,3781,1,1,0,1,a,a,21.0,,1,12.0,,70.81
173,4,2013-09-22,35310,0,1,1,0,0,c,a,16370.0,11.0,0,17.0,2009.0,55.24
895,4,2013-09-23,5647,3641,1,0,a,1,a,a,2993.0,5.0,0,4.0,2009.0,95.9
998,2,2013-09-24,17685,0,1,0,a,0,d,c,2720.0,3.0,1,,,
275,5,2013-09-25,38339,2616,1,0,0,1,b,c,40572.0,2.0,1,33.0,2010.0,30.18
309,3,2013-09-26,0,2689,1,0,0,1,d,c,16792.0,,1,,2011.0,1.86
192,1,2013-09-27,14813,1449,1,1,0,0,a,a,29945.0,12.0,0,,2014.0,55.57
616,4,2013-09-28,12545,2349,1,1,0,0,d,c,55065.0,,1,41.0,2011.0,51.81
537,2,2013-09-29,28858,6421,1,1,0,0,d,c,72858.0,10.0,0,13.0,2014.0,
618,6,2013-09-30,29097,1519,1,1,c,1,a,a,432.0,,0,,,9.95
309,3,2013-10-01,0,0,1,0,0,1,d,c,53115.0,10.0,0,,2015.0,58.67
778,4,2013-10-02,11628,646,1,1,0,1,a,a,19158.0,,1,,2013.0,99.65
368,7,2013-10-03,1566,7242,1,0,0,1,a,a,13419.0,10.0,1,,2012.0,2.5
392,4,2013-10-04,17006,1468,1,0,0,1,a,a,17239.0,5.0,0,,2010.0,5.44
492,6,2013-10-05,14747,1526,1,0,0,1,a,b,6063.0,,1,18.0,2014.0,0.31
129,7,2013-10-06,0,6047,1,0,0,1,b,a,19647.0,,0,,,5.86
426,1,2013-10-07,0,6574,1,0,0,1,b,c,74236.0,9.0,1,28.0,2013.0,22.62
943,2,2013-10-08,34119,4166,1,1,0,1,a,a,16744.0,,1,,,
310,5,2013-10-09,10573,2183,1,0,0,1,a,c,22328.0,,1,,,50.31
202,6,2013-10-10,26952,4347,1,0,0,0,a,a,26793.0,,0,,,8.61
833,1,2013-10-11,0,5994,1,1,0,0,b,a,48149.0,4.0,0,1.0,2013.0,35.57
268,1,2013-10-12,22307,2715,1,0,0,1,a,c,58255.0,9.0,1,28.0,2015.0,40.57
815,5,2013-10-13,0,5870,1,1,0,1,a,c,38512.0,6.0,1,,2009.0,63.4
89,3,2013-10-14,3201,3631,1,0,a,1,a,a,48403.0,5.0,1,,,26.11
214,1,2013-10-15,0,5085,1,0,a,1,c,a,28332.0,,0,44.0,,0.48
569,2,2013-10-16,2844,0,1,1,0,1,b,a,24942.0,7.0,0,39.0,,6.44
1006,6,2013-10-17,32593,3237,1,1,0,1,d,a,23437.0,7.0,0,44.0,2015.0,5.02
676,4,2013-10-18,14871,3076,0,0,0,0,b,a,54347.0,,1,21.0,,82.4
170,3,2013-10-19,18678,5986,1,1,0,1,a,a,6766.0,4.0,0,,2013.0,1.75
582,4,2013-10-20,1006,2446,1,1,0,0,c,a,25310.0,,1,27.0,2015.0,
62,5,2013-10-21,25033,4851,1,1,0,1,a,a,36159.0,,0,22.0,,
95,3,2013-10-22,9351,1857,1,0,0,0,a,a,35927.0,12.0,1,,2012.0,
208,2,2013-10-23,0,0,0,0,0,0,b,b,53224.0,,1,30.0,,77.56
934,1,2013-10-24,39510,1562,1,1,0,0,a,a,45541.0,10.0,1,,,
1011,7,2013-10-25,0,3753,1,0,0,1,a,a,4164.0,7.0,1,,,64.6
70,2,2013-10-26,8993,4215,1,1,0,0,a,a,42271.0,,1,42.0,2013.0,59.12
393,7,2013-10-27,14481,1082,1,1,0,0,a,c,47073.0,6.0,0,,2015.0,95.39
1095,2,2013-10-28,33216,534,1,1,0,1,a,a,28615.0,9.0,1,14.0,,0.52
516,6,2013-10-29,0,1838,1,1,0,1,b,c,138.0,10.0,0,,2015.0,49.71
417,4,2013-10-30,27381,1181,1,0,a,0,a,c,20037.0,1.0,1,12.0,,
547,2,2013-10-31,12246,0,1,1,a,0,a,c,320.0,,0,,,
636,3,2013-11-01,5214,0,0,1,0,0,b,a,49747.0,10.0,0,,2013.0,97.91
234,5,2013-11-02,342,2486,1,0,0,0,a,c,30420.0,10.0,0,15.0,,75.14
769,2,2013-11-03,8477,5961,1,1,0,0,b,c,30104.0,10.0,1,,2009.0,
352,7,2013-11-04,38376,3483,1,0,0,1,b,a,49754.0,,1,28.0,2013.0,27.25
588,5,2013-11-05,0,0,1,1,0,1,a,c,44025.0,,0,8.0,,89.58
762,2,2013-11-06,676,103,1,0,0,1,b,c,59592.0,9.0,0,,2013.0,32.29
939,4,2013-11-07,1255,70,1,1,0,0,a,c,31326.0,,0,47.0,,71.43
758,6,2013-11-08,30496,6902,1,0,0,1,b,c,52609.0,,1,31.0,2011.0,33.72
872,2,2013-11-09,36871,4936,1,1,0,1,a,c,60063.0,8.0,0,24.0,2009.0,59.65
28,6,2013-11-10,18640,6288,1,0,0,0,a,a,20377.0,1.0,1,,2013.0,
647,1,2013-11-11,0,297,1,0,0,0,a,c,71276.0,,0,3.0,2013.0,46.67
328,6,2013-11-12,14824,1633,1,0,0,0,a,c,52584.0,5.0,0,21.0,,40.95
18,1,2013-11-13,38597,2452,1,0,0,1,c,a,71585.0,1.0,1,31.0,2015.0,79.02
786,6,2013-11-14,20636,755,1,1,0,0,a,a,8182.0,,0,33.0,2012.0,58.99
713,1,2013-11-15,14745,3322,1,1,0,0,a,a,2760.0,6.0,0,20.0,2013.0,
993,6,2013-11-16,0,6828,1,0,0,0,a,c,32050.0,1.0,1,37.0,2012.0,49.4
881,1,2013-11-17,3062,5583,1,1,0,1,c,c,35946.0,6.0,0,,2009.0,46.78
466,4,2013-11-18,4734,2022,1,1,0,1,c,c,75614.0,4.0,1,,,
908,1,2013-11-19,0,5710,0,0,0,0,d,a,27638.0,9.0,1,32.0,2012.0,49.86
399,2,2013-11-20,38173,1667,1,1,0,1,c,c,52173.0,,0,,2013.0,49.26
607,3,2013-11-21,0,3082,0,1,0,0,a,a,6877.0,5.0,1,,,13.4
98,7,2013-11-22,25415,5618,0,1,0,0,b,c,63497.0,6.0,0,,,24.54
382,4,2013-11-23,8084,6455,1,0,0,0,b,a,63617.0,,1,,,80.92
644,2,2013-11-24,6857,5312,1,0,0,1,d,c,35087.0,2.0,1,15.0,,82.47
400,4,2013-11-25,19084,0,1,1,a,1,c,c,50664.0,,1,13.0,2010.0,35.05
351,1,2013-11-26,39420,2013,1,1,0,1,b,c,45664.0,7.0,0,47.0,2010.0,19.74
409,7,2013-11-27,3353,3505,0,0,0,0,b,a,43196.0,11.0,0,,2015.0,
637,6,2013-11-28,37349,6017,1,0,0,1,d,c,72516.0,,1,16.0,,91.51
774,7,2013-11-29,1024,2929,1,1,0,0,a,c,69795.0,,0,8.0,,70.04
164,2,2013-11-30,41428,3413,1,1,0,1,d,c,16159.0,,0,,,37.82
781,2,2013-12-01,20944,4574,1,1,0,1,a,a,48797.0,,0,51.0,,49.37
890,1,2013-12-02,33571,4424,1,1,0,1,a,a,47752.0,4.0,0,1.0,2012.0,87.66
663,7,2013-12-03,26133,2980,0,1,0,1,a,c,69819.0,,0,18.0,2013.0,15.18
150,5,2013-12-04,35049,1834,1,0,0,0,a,a,14659.0,4.0,1,8.0,,4.76
855,4,2013-12-05,25351,6882,1,0,0,1,a,a,50851.0,1.0,0,,,90.74
338,4,2013-12-06,6451,0,1,0,0,0,a,a,42579.0,,1,,,
535,6,2013-12-07,1048,6210,0,0,0,0,a,c,5943.0,,1,11.0,2015.0,63.79
211,7,2013-12-08,34560,1361,1,1,0,1,a,a,13038.0,5.0,0,21.0,,13.81
596,6,2013-12-09,3615,2877,1,1,0,1,a,c,1361.0,,1,17.0,2014.0,72.64
1034,2,2013-12-10,30095,2880,0,0,0,1,b,c,21592.0,5.0,1,,2013.0,56.36
968,3,2013-12-11,7716,177,1,1,0,1,a,a,66438.0,7.0,1,29.0,2012.0,33.63
381,7,2013-12-12,27451,0,1,1,0,0,d,c,18750.0,8.0,1,,2010.0,66.98
558,3,2013-12-13,13874,4033,1,1,0,1,a,a,40634.0,8.0,0,,2012.0,91.81
280,6,2013-12-14,0,5333,1,0,0,1,a,a,34327.0,3.0,1,,2011.0,91.98
334,6,2013-12-15,30271,0,1,1,0,0,d,a,25158.0,,1,20.0,2014.0,3.5
155,7,2013-12-16,19831,3401,1,0,0,1,a,c,25327.0,,1,35.0,,9.22
467,6,2013-12-17,1046,2365,1,0,0,0,c,c,45556.0,6.0,1,47.0,,54.63
337,5,2013-12-18,0,1078,1,0,0,0,a,c,57761.0,,0,,2013.0,
284,4,2013-12-19,7786,3390,1,0,0,0,b,a,33150.0,1.0,1,11.0,,93.39
252,1,2013-12-20,0,1493,1,1,0,0,d,a,1107.0,4.0,1,,2010.0,61.62
251,2,2013-12-21,30919,5944,1,1,0,1,a,c,22422.0,,0,,,79.79
113,4,2013-12-22,17623,0,1,1,0,1,b,a,17954.0,12.0,1,12.0,,70.73
679,5,2013-12-23,16161,5525,1,1,0,1,c,a,26605.0,2.0,0,,,43.35
29,7,2013-12-24,23877,1579,1,0,0,0,a,c,53474.0,9.0,1,,2010.0,33.6
19,6,2013-12-25,18885,4119,1,0,0,1,a,c,47319.0,7.0,1,37.0,2009.0,63.87
1071,2,2013-12-26,19879,2316,1,0,0,1,a,a,71920.0,6.0,1,31.0,,64.54
347,6,2013-12-27,4285,0,0,1,0,1,a,a,48438.0,,0,,,
10,7,2013-12-28,36258,6611,0,1,0,1,b,a,22496.0,,1,7.0,2014.0,30.64
715,3,2013-12-29,12344,2269,1,1,0,1,b,c,70776.0,,0,2.0,2011.0,11.22
593,2,2013-12-30,16604,3445,1,1,0,0,a,a,75286.0,,0,13.0,,9.53
238,2,2013-12-31,0,3641,1,1,0,1,a,c,60390.0,10.0,0,43.0,2011.0,8.76
329,1,2014-01-01,39774,1603,1,1,0,0,a,c,7607.0,7.0,0,,,69.98
1113,4,2014-01-02,39799,525,1,1,0,0,a,a,56698.0,,1,9.0,2009.0,53.22
488,7,2014-01-03,37941,5583,1,0,0,0,a,a,42886.0,4.0,1,11.0,2013.0,87.48
700,2,2014-01-04,23092,387,1,0,0,0,b,a,60159.0,,0,,,
851,1,2014-01-05,0,0,1,0,0,1,a,a,37044.0,,1,22.0,2011.0,99.91
702,3,2014-01-06,0,1186,1,1,a,1,b,a,1310.0,10.0,0,45.0,,45.24
121,1,2014-01-07,22953,3418,1,0,0,1,a,a,74251.0,3.0,1,,,78.66
595,5,2014-01-08,31112,5548,1,1,0,1,a,a,74382.0,5.0,0,30.0,,22.96
751,1,2014-01-09,0,6754,1,0,c,0,a,c,51884.0,,1,,2009.0,31.86
855,3,2014-01-10,0,6812,1,1,b,0,a,c,72626.0,,1,,,12.21
1103,6,2014-01-11,40291,6905,1,1,0,0,c,a,17488.0,,1,,,35.29
776,6,2014-01-12,0,4559,1,1,0,0,d,c,17601.0,1.0,1,2.0,,37.27
407,1,2014-01-13,17174,0,1,1,0,1,a,a,51157.0,12.0,1,8.0,,32.47
934,3,2014-01-14,21718,299,1,1,0,0,d,a,63845.0,10.0,1,23.0,2011.0,90.68
308,3,2014-01-15,24663,3408,0,0,0,0,a,a,2440.0,4.0,0,,,84.95
286,2,2014-01-16,16803,4604,1,1,0,0,b,a,28785.0,,0,11.0,2014.0,10.64
831,2,2014-01-17,27476,5212,1,1,0,0,a,c,48007.0,11.0,1,37.0,2015.0,39.19
477,4,2014-01-18,25828,2033,1,0,0,1,b,c,54348.0,2.0,1,,2012.0,31.6
451,6,2014-01-19,21940,2321,1,1,0,0,c,a,28071.0,,1,,,
598,3,2014-01-20,4458,6493,1,1,0,0,c,c,20087.0,2.0,0,,2011.0,60.2
339,3,2014-01-21,11570,6215,1,0,0,1,c,a,32655.0,,1,39.0,,89.01
397,3,2014-01-22,6302,5399,1,0,a,1,a,a,71425.0,10.0,1,,2014.0,41.39
485,7,2014-01-23,14496,0,1,1,0,1,c,a,47408.0,,0,52.0,,61.86
293,2,2014-01-24,22979,2670,1,0,0,1,a,c,67999.0,,0,8.0,2015.0,
612,6,2014-01-25,15557,3839,1,1,0,0,a,a,24881.0,3.0,1,,2013.0,
20,2,2014-01-26,20239,3254,1,1,0,1,a,c,61911.0,,0,19.0,2014.0,61.29
962,6,2014-01-27,11988,5873,1,0,0,0,a,a,31385.0,,1,,,56.39
415,6,2014-01-28,29028,5309,0,1,0,0,b,c,4461.0,,0,,,89.34
1063,2,2014-01-29,21054,1259,0,1,0,1,b,a,71386.0,3.0,1,,,
509,6,2014-01-30,29872,6859,1,0,0,0,a,c,5245.0,,1,13.0,2015.0,21.28
690,2,2014-01-31,2561,3412,1,0,0,0,c,a,28039.0,1.0,1,17.0,,52.09
895,3,2014-02-01,34176,2204,1,0,0,0,a,a,40085.0,,0,,2014.0,4.22
928,3,2014-02-02,32417,3120,1,1,0,1,c,a,65980.0,,1,19.0,,65.5
765,3,2014-02-03,0,5692,1,1,0,0,c,a,66721.0,4.0,1,,,12.24
418,5,2014-02-04,105,2623,1,0,0,1,a,c,24670.0,10.0,1,17.0,,41.54
380,5,2014-02-05,39310,0,1,0,0,0,b,c,16695.0,7.0,1,46.0,2012.0,3.85
752,7,2014-02-06,26761,4519,0,0,0,0,a,a,38022.0,5.0,0,12.0,2010.0,66.67
822,5,2014-02-07,24859,1768,1,0,0,1,a,a,9892.0,11.0,1,2.0,2011.0,68.41
646,3,2014-02-08,2737,4193,1,1,0,0,d,a,11480.0,,1,30.0,2013.0,
173,4,2014-02-09,32059,1845,1,1,0,0,a,c,34771.0,,1,,,17.54
561,4,2014-02-10,39723,0,1,0,0,0,c,a,30960.0,7.0,1,,,32.25
334,6,2014-02-11,37983,1576,1,0,0,0,c,a,70839.0,3.0,0,42.0,2012.0,99.52
644,5,2014-02-12,24313,2429,1,0,0,1,c,a,24301.0,4.0,1,49.0,2012.0,88.67
369,3,2014-02-13,19809,1282,1,0,0,0,a,a,71675.0,,1,16.0,2012.0,
769,4,2014-02-14,17450,2306,1,0,0,0,c,a,58421.0,,1,,2015.0,80.66
31,5,2014-02-15,4924,0,1,1,0,0,a,c,70627.0,3.0,0,34.0,,0.41
629,4,2014-02-16,15611,2859,1,1,0,1,d,a,4967.0,1.0,1,38.0,,
972,4,2014-02-17,0,954,1,1,0,0,a,c,38639.0,7.0,1,,,72.85
126,3,2014-02-18,0,5160,1,1,0,1,b,c,32356.0,5.0,1,33.0,2015.0,89.55
477,3,2014-02-19,4912,0,1,0,0,0,a,a,71121.0,3.0,0,11.0,,
997,6,2014-02-20,7708,2743,1,0,0,1,c,a,,12.0,0,,,78.39
341,1,2014-02-21,13867,2667,1,1,0,1,d,a,74465.0,10.0,1,,,5.93
674,3,2014-02-22,19349,7301,1,1,0,0,a,a,53881.0,7.0,1,,2012.0,34.86
829,2,2014-02-23,32566,4110,1,0,0,1,a,c,69026.0,11.0,0,31.0,,76.71
659,2,2014-02-24,23936,6317,0,1,0,0,c,a,45416.0,,0,44.0,,47.85
594,4,2014-02-25,8733,3222,1,1,0,0,a,a,33178.0,8.0,1,,,74.47
145,2,2014-02-26,5574,5861,1,1,0,0,a,c,66130.0,12.0,1,41.0,,28.36
987,2,2014-02-27,8858,0,1,1,0,1,d,a,19024.0,,0,,2009.0,
725,7,2014-02-28,7827,3956,1,1,0,1,a,a,8426.0,,0,42.0,,78.95
760,7,2014-03-01,34396,859,1,1,0,1,d,a,57039.0,11.0,0,35.0,,19.87
2,4,2014-03-02,0,2005,1,1,0,0,a,c,53606.0,10.0,1,38.0,2010.0,18.61
998,3,2014-03-03,14141,4143,1,1,0,1,b,a,19939.0,5.0,1,34.0,,4.5
847,4,2014-03-04,0,2828,1,0,0,1,a,c,15958.0,6.0,0,11.0,2011.0,38.22
805,2,2014-03-05,21181,6206,1,0,0,1,b,c,26810.0,5.0,1,29.0,2010.0,1.4
195,2,2014-03-06,1843,3753,0,0,0,1,b,a,60905.0,8.0,1,15.0,,52.73
871,7,2014-03-07,10886,4541,1,0,0,1,a,a,40749.0,2.0,0,33.0,,27.75
337,1,2014-03-08,7981,1146,1,0,0,0,a,a,51707.0,,1,,,98.91
480,6,2014-03-09,15171,4188,1,0,0,0,c,a,65385.0,11.0,0,,,87.19
488,7,2014-03-10,21029,618,1,0,0,1,a,c,3452.0,,0,36.0,2011.0,54.96
117,2,2014-03-11,32515,0,1,1,0,1,a,c,36430.0,2.0,0,30.0,,89.91
145,4,2014-03-12,39252,0,1,0,0,0,a,c,59809.0,1.0,0,,,96.28
539,5,2014-03-13,35796,3924,0,1,0,1,a,c,5978.0,12.0,1,,2009.0,60.02
693,2,2014-03-14,20795,4772,0,0,0,0,a,c,38554.0,,1,,,35.79
604,6,2014-03-15,19500,4956,1,0,0,1,b,c,43998.0,9.0,0,38.0,,88.28
518,7,2014-03-16,15839,0,1,1,0,0,c,c,45005.0,8.0,0,,,26.66
280,4,2014-03-17,0,2146,1,1,0,1,a,a,5908.0,11.0,1,,2011.0,
934,7,2014-03-18,5645,5530,0,1,0,1,b,a,12502.0,,1,30.0,,64.99
257,5,2014-03-19,28308,7044,1,0,0,0,a,a,18022.0,6.0,0,,,3.29
273,1,2014-03-20,5017,4030,1,0,0,1,a,c,34755.0,,1,20.0,2015.0,
412,6,2014-03-21,11770,161,1,0,0,0,c,a,8434.0,,0,,2013.0,55.46
396,4,2014-03-22,33950,5798,1,0,0,0,a,a,60341.0,12.0,1,19.0,2013.0,13.91
469,4,2014-03-23,0,0,1,0,0,1,b,a,43987.0,6.0,1,14.0,2010.0,
266,2,2014-03-24,15175,621,1,0,0,1,c,a,65030.0,10.0,0,,,87.39
693,4,2014-03-25,39297,0,1,0,0,1,b,c,18688.0,10.0,0,,2010.0,
642,4,2014-03-26,19915,0,1,1,0,0,a,c,58914.0,,0,,,9.24
326,6,2014-03-27,7120,5989,1,1,0,1,b,a,46697.0,6.0,0,,,28.01
1020,5,2014-03-28,39017,2288,1,0,0,1,d,c,57725.0,5.0,1,42.0,,58.38
78,7,2014-03-29,15242,411,1,0,0,1,b,c,50220.0,4.0,1,,,5.5
322,2,2014-03-30,16447,3924,1,0,0,1,b,a,9651.0,2.0,1,,2010.0,35.42
372,7,2014-03-31,5511,2663,1,1,0,0,a,a,36086.0,,0,5.0,,17.87
308,6,2014-04-01,9215,0,1,0,0,0,c,a,18970.0,,0,4.0,,57.62
249,5,2014-04-02,4561,5079,1,1,0,0,a,a,167.0,1.0,0,,2010.0,87.21
907,5,2014-04-03,0,6440,1,0,0,0,c,c,2739.0,,0,,,
690,4,2014-04-04,24489,4070,0,1,a,0,b,a,2352.0,9.0,0,32.0,,9.77
856,1,2014-04-05,22099,5213,1,1,0,1,a,c,16877.0,4.0,0,,,9.47
421,5,2014-04-06,11619,6902,1,0,0,1,c,c,36564.0,,0,40.0,,72.59
561,2,2014-04-07,250,7126,1,1,0,1,b,a,53720.0,12.0,0,42.0,,0.62
651,1,2014-04-08,0,5828,1,0,0,1,b,a,15951.0,3.0,0,5.0,,49.71
772,3,2014-04-09,0,4624,1,1,0,0,b,a,43168.0,,1,28.0,2010.0,66.0
403,7,2014-04-10,16387,4873,1,1,0,0,d,c,36601.0,,0,,2014.0,38.86
630,1,2014-04-11,9749,6356,1,0,0,0,b,a,49819.0,9.0,1,,2013.0,42.68
640,1,2014-04-12,28716,0,0,1,0,0,c,c,43756.0,,0,,2010.0,44.0
121,3,2014-04-13,19948,4529,1,1,0,1,b,c,11173.0,2.0,1,11.0,,29.59
5,1,2014-04-14,12240,7376,1,0,0,1,c,c,35390.0,4.0,1,,2015.0,42.07
1072,1,2014-04-15,11965,5754,1,0,0,1,c,c,38117.0,,1,,2011.0,80.33
663,1,2014-04-16,0,3709,1,1,b,1,d,c,40805.0,,0,,,83.6
659,6,2014-04-17,41323,4169,1,0,0,1,b,a,30906.0,9.0,0,13.0,,59.8
56,6,2014-04-18,33517,0,1,1,0,0,a,a,73303.0,7.0,1,,,30.38
1091,2,2014-04-19,22579,3660,0,0,0,1,d,a,66820.0,1.0,1,49.0,,40.55
854,2,2014-04-20,2967,5485,0,1,a,1,b,c,47969.0,8.0,0,,,70.36
365,6,2014-04-21,28519,0,1,0,0,1,b,a,1500.0,2.0,1,17.0,2011.0,47.4
1015,3,2014-04-22,7570,3871,1,1,a,0,c,a,14932.0,1.0,0,37.0,2014.0,12.21
824,3,2014-04-23,0,3554,1,1,0,0,a,a,18093.0,8.0,0,,2011.0,66.47
593,2,2014-04-24,21946,6226,1,1,a,0,c,a,12312.0,6.0,1,,2012.0,9.35
21,4,2014-04-25,5841,2321,0,0,0,0,d,a,19927.0,,0,,2009.0,98.74
28,7,2014-04-26,11397,3327,1,1,0,1,c,c,72155.0,10.0,0,,,32.07
309,2,2014-04-27,17361,1638,1,0,0,1,c,c,44377.0,,0,1.0,2011.0,15.83
343,7,2014-04-28,39088,0,1,1,0,1,c,a,74378.0,,0,8.0,2012.0,59.59
776,2,2014-04-29,26345,0,1,1,0,1,b,a,34647.0,,1,,,75.57
118,4,2014-04-30,2937,0,1,0,0,0,b,a,34776.0,6.0,1,27.0,2014.0,71.85
277,4,2014-05-01,21104,4238,1,1,0,1,d,a,47079.0,4.0,0,31.0,2013.0,26.75
80,6,2014-05-02,13669,6759,1,1,0,0,b,c,65359.0,2.0,0,45.0,,
603,6,2014-05-03,32993,0,1,0,0,0,a,a,391.0,,0,,,69.2
714,2,2014-05-04,221,668,0,0,0,0,a,a,48351.0,7.0,1,37.0,2011.0,81.42
939,6,2014-05-05,37260,4297,1,1,0,1,a,a,60451.0,6.0,0,,,
744,5,2014-05-06,227,1341,1,1,0,1,b,c,3368.0,8.0,1,28.0,,0.8
125,1,2014-05-07,22784,589,1,0,0,0,a,c,24759.0,12.0,1,,,42.25
694,1,2014-05-08,2817,1688,0,1,0,0,d,a,58647.0,,0,5.0,,61.46
221,3,2014-05-09,15953,5773,1,1,0,0,a,a,29550.0,12.0,0,,,
170,7,2014-05-10,17003,0,1,0,0,0,c,c,28033.0,10.0,0,,2013.0,
229,6,2014-05-11,25114,7317,1,1,0,1,d,a,7707.0,,0,,2012.0,17.87
200,4,2014-05-12,13859,4158,0,0,0,1,d,a,43808.0,5.0,1,,,
988,3,2014-05-13,37823,2657,1,0,0,0,a,a,50078.0,5.0,0,,2015.0,0.11
336,6,2014-05-14,17582,564,0,1,0,1,a,a,67537.0,8.0,0,23.0,,25.0
291,1,2014-05-15,37045,2340,1,0,0,1,c,a,33588.0,2.0,0,,,83.6
