PassengerId,Survived,Pclass,Sex,Age,SibSp,Parch,Fare,Embarked,Cabin,Ticket
1,0,3,male,,3,0,20.04,S,G6,PC 57592
2,1,3,female,35.79424596288397,3,0,21.48,S,,PC 80115
3,1,1,male,36.319812650486426,2,3,15.92,S,F67,PC 55056
4,0,3,male,41.445764525665076,3,1,11.49,S,D62,PC 36544
5,0,1,female,,4,0,61.31,S,,PC 96401
6,1,3,male,42.94202214121305,1,2,4.55,S,E19,PC 61517
7,0,3,male,15.920653101928561,2,1,41.58,C,,PC 45462
8,1,1,female,16.350517747932187,0,2,17.6,Q,,PC 10871
9,0,1,male,,1,3,19.68,S,C5,PC 60599
10,0,1,male,22.6835449986482,3,0,89.38,S,,PC 65895
11,1,3,male,13.063425822546801,3,2,14.65,C,,PC 93582
12,1,3,male,22.81631488157808,1,3,16.92,Q,,PC 30762
13,1,3,male,22.356818929333453,2,1,8.93,C,,PC 24652
14,1,3,female,,4,3,18.76,S,,PC 99935
15,1,3,female,24.578947193829922,0,1,7.51,S,,PC 59543
16,1,1,male,45.498311904456635,0,1,27.91,S,,PC 12418
17,1,3,male,31.78933257748935,1,3,13.98,C,,PC 19510
18,0,2,female,,3,2,19.61,S,,PC 52784
19,1,3,male,31.38711460427509,1,3,81.77,S,,PC 65574
20,0,3,male,24.939079164878475,4,3,144.69,S,,PC 31932
21,1,3,male,29.057860357168124,4,2,6.48,S,,PC 42911
22,0,3,female,32.590887698209556,2,0,67.82,S,,PC 76261
23,0,1,male,35.09355540039489,1,1,1.21,S,E121,PC 97086
24,1,3,female,58.073958562026334,0,3,26.32,S,G37,PC 54194
25,1,2,male,17.16551349031404,4,2,101.78,C,,PC 47386
26,1,3,male,41.0266448144883,4,1,28.21,S,,PC 42501
27,0,1,male,31.908508366597733,2,1,85.19,S,E95,PC 22256
28,1,1,male,7.0046316040113545,2,3,42.71,C,C148,PC 14749
29,1,2,male,39.789782949326685,3,0,20.93,S,,PC 85059
30,0,2,male,46.74672985125467,3,0,29.48,S,,PC 13342
31,0,2,male,,0,3,28.54,S,,PC 83877
32,0,3,male,28.87492584951241,3,1,44.22,S,,PC 32253
33,0,3,male,4.84504033189215,4,3,18.21,S,D47,PC 72536
34,1,2,male,11.37670956441929,3,2,19.98,S,,PC 95642
35,1,2,female,43.67241408664154,2,3,134.05,S,,PC 77392
36,0,1,male,,2,2,10.24,S,,PC 75656
37,1,3,female,13.47675835086745,1,3,11.91,S,E116,PC 33824
38,1,2,female,,3,3,18.2,S,,PC 63834
39,0,1,male,21.686225959965675,1,0,20.41,S,C81,PC 67784
40,1,2,female,22.408496791142497,1,3,8.19,S,,PC 48276
41,0,3,female,39.35056435944865,1,2,9.8,S,,PC 13421
42,1,1,male,12.735732974919149,1,0,1.95,S,,PC 92118
43,1,3,male,16.324887022454348,1,0,8.9,S,,PC 27719
44,0,3,male,31.15711989008416,0,1,35.94,C,A26,PC 97609
45,0,3,male,42.571737070474875,3,0,19.25,Q,,PC 93904
46,1,3,male,46.3342442208579,2,1,5.61,S,,PC 11697
47,0,3,female,19.689135914937278,4,3,0.65,S,,PC 76530
48,1,2,female,,0,1,12.27,S,,PC 67066
49,1,3,male,18.022007891414276,3,0,4.36,S,,PC 30760
50,1,3,female,54.566930856695194,0,1,0.57,C,,PC 83149
51,1,2,male,13.127205644123801,2,0,44.25,S,,PC 20024
52,0,3,female,47.59870335108423,2,3,40.31,Q,,PC 32381
53,0,2,male,19.809194504537864,2,0,8.53,S,,PC 95401
54,0,3,female,,3,3,6.23,S,,PC 76854
55,0,3,female,37.27849020393478,4,1,34.78,C,,PC 20096
56,0,3,male,14.775768588284892,1,0,17.63,S,,PC 22967
57,1,3,male,21.688661286404905,4,2,18.07,C,,PC 33136
58,0,3,female,,0,1,17.54,S,,PC 16350
59,1,3,male,43.73702184661786,1,3,38.95,C,,PC 26436
60,1,3,male,28.009981715857524,1,2,110.98,S,E128,PC 61457
61,1,2,female,,4,3,24.1,S,,PC 10671
62,1,3,male,39.61694245701692,0,1,112.23,C,,PC 35869
63,0,3,male,30.84517797815148,1,0,6.31,S,,PC 38271
64,1,1,male,10.890931969262738,2,0,29.95,S,,PC 97377
65,0,1,male,17.61836365503747,4,1,2.83,C,,PC 97675
66,0,3,female,32.29167920412331,2,1,29.11,S,,PC 86091
67,1,1,male,46.016753830967716,4,3,45.49,C,A34,PC 40770
68,0,2,male,,3,1,6.78,S,,PC 57457
69,0,2,male,39.913411890800305,3,3,9.47,S,,PC 55386
70,0,1,female,,3,0,41.0,S,,PC 87414
71,1,2,male,,0,1,11.88,S,,PC 77133
72,0,3,female,19.66548809710402,2,3,0.72,Q,,PC 91590
73,0,1,female,26.854766556385,2,0,40.7,S,,PC 59596
74,0,3,female,17.46216990124733,1,1,38.79,S,,PC 92726
75,1,3,female,11.51760345009204,0,3,9.24,S,F6,PC 76922
76,0,2,female,33.66968616290687,0,2,88.04,S,B109,PC 76493
77,0,1,female,31.59718629218641,3,3,10.56,S,,PC 69546
78,0,3,male,38.62713478312618,3,2,4.01,C,D105,PC 40209
79,1,1,female,36.64556563249426,1,3,16.43,C,,PC 64770
80,1,2,male,32.39701979853407,3,3,1.22,C,F4,PC 42092
81,1,3,male,36.79263331948576,3,3,19.5,S,,PC 68467
82,0,3,female,28.40243665281533,4,0,31.2,S,,PC 32930
83,0,3,female,34.780479533113606,4,2,105.73,S,,PC 81923
84,1,2,female,,4,0,83.17,C,,PC 61422
85,1,3,male,34.175882958947824,0,0,27.79,S,,PC 73916
86,1,3,male,,3,1,1.92,S,,PC 29960
87,0,2,male,19.624460006989157,1,2,24.96,S,,PC 81258
88,0,3,male,29.725649385899853,2,1,38.93,C,,PC 82233
89,1,1,male,,3,3,61.66,C,,PC 23103
90,1,1,male,21.628906248774392,3,1,80.9,C,E45,PC 41501
91,0,3,male,13.250989028569835,2,2,17.67,S,,PC 70989
92,1,1,female,46.72084895233178,4,3,2.52,Q,F39,PC 88618
93,1,1,male,,0,3,59.42,S,,PC 76331
94,0,3,female,,0,0,6.05,S,,PC 52452
95,1,3,male,56.6107433272134,0,2,34.29,S,,PC 36996
96,0,3,male,,4,0,9.45,S,,PC 91896
97,0,3,male,71.44467381154888,2,2,8.82,S,,PC 88711
98,1,3,male,25.814588184914914,2,1,79.15,S,E19,PC 90713
99,1,1,female,32.57270692458423,3,3,27.23,S,,PC 37423
100,0,2,male,,2,3,61.04,S,,PC 49277
101,1,2,male,34.21255784084427,2,3,13.87,C,,PC 31944
102,0,1,female,40.69860899040742,0,3,21.56,S,,PC 95907
103,1,3,female,27.405170497256826,0,1,25.74,S,,PC 88037
104,0,2,male,53.87407785964669,4,2,58.22,S,F50,PC 25593
105,1,3,male,32.34808998486845,2,0,20.18,C,,PC 32231
106,1,1,male,,0,2,25.99,S,,PC 59683
107,1,1,male,16.274032276807954,1,0,25.16,S,,PC 47394
108,1,3,male,34.85898704370538,1,2,29.65,S,,PC 51390
109,0,1,male,27.12361890866888,1,3,3.45,S,D56,PC 43112
110,1,1,female,20.484643789277982,1,2,14.1,S,A57,PC 70653
111,0,2,male,18.129358285922905,3,3,1.37,S,,PC 90824
112,1,3,male,,0,0,1.12,S,B87,PC 92549
113,1,3,male,,1,3,107.51,S,,PC 50970
114,0,3,female,,2,2,2.8,S,,PC 84509
115,1,1,male,19.224899563743982,2,2,33.52,S,,PC 72487
116,1,2,female,28.27805024733301,4,3,14.19,S,,PC 27721
117,0,3,female,36.65333845663079,4,2,7.9,S,,PC 81462
118,0,3,male,,1,1,49.75,S,,PC 41537
119,0,3,male,38.472603724871355,2,2,5.89,S,,PC 66510
120,0,3,male,19.971955707077385,0,2,62.55,S,C54,PC 74856
121,0,3,male,,3,3,14.38,S,G62,PC 94931
122,1,1,female,,0,1,1.86,S,,PC 95347
123,1,2,male,,0,2,11.91,S,,PC 82224
124,0,3,female,16.152074356996366,3,2,32.12,S,,PC 55538
125,1,2,male,12.362556035624227,0,0,13.32,S,,PC 46018
126,1,3,male,43.89893284401212,2,0,5.94,S,,PC 49710
127,0,3,male,38.64056381370443,0,0,12.52,S,,PC 95572
128,1,3,female,42.673315179693816,3,2,5.49,C,,PC 28452
129,1,3,female,29.55038292434015,3,1,62.6,S,,PC 57211
130,1,3,male,39.87530778411205,2,3,21.92,S,,PC 71159
131,1,3,male,4.341948335004371,4,2,27.13,C,,PC 12031
132,1,3,female,,2,0,93.16,S,F135,PC 67139
133,0,3,male,31.479677620070422,0,0,7.68,S,,PC 33400
134,1,2,female,,0,1,5.73,S,,PC 35257
135,1,3,male,34.32032618668058,1,3,7.73,Q,,PC 65955
136,0,3,male,15.181227836483586,1,0,84.19,Q,,PC 10800
137,1,1,male,8.027443144525346,1,0,49.56,S,,PC 24113
138,0,2,male,19.031241673438515,1,0,105.86,C,,PC 50946
139,0,3,male,36.90884193782077,2,1,3.44,S,,PC 62565
140,0,3,male,38.66127981245553,0,3,9.16,S,,PC 19820
141,1,1,female,9.84880811665392,3,2,5.68,S,,PC 42543
142,0,2,male,15.264608855444996,1,1,40.71,S,,PC 37678
143,0,1,male,18.87470039682825,3,0,7.18,S,,PC 58094
144,0,1,male,23.99772915626458,2,1,76.24,C,,PC 37053
145,1,3,male,9.93128836806287,4,2,13.16,S,,PC 10168
146,1,2,male,9.091275274038143,2,1,66.98,S,,PC 57706
147,0,2,male,17.494305850294246,1,2,13.35,S,,PC 86357
148,0,3,male,,2,3,3.79,S,,PC 62626
149,1,1,male,12.471679243451131,3,0,36.64,S,,PC 42572
150,0,2,female,27.378750860395275,2,1,12.05,Q,,PC 53413
151,1,3,male,,2,0,4.22,S,,PC 22614
152,0,3,female,10.775083676210858,2,2,10.95,S,,PC 31296
153,1,3,male,26.10975938225245,1,1,13.34,S,,PC 49411
154,0,3,male,43.34659427251081,1,1,172.91,Q,E43,PC 63309
155,0,3,female,,4,0,32.79,C,F102,PC 53755
156,1,3,male,,3,0,4.69,S,B51,PC 96658
157,0,3,female,,0,1,10.6,S,,PC 67365
158,1,3,male,24.71317089439833,4,2,23.5,S,,PC 12069
159,1,3,male,44.46293035287795,3,0,9.26,C,,PC 57210
160,1,3,female,,0,0,12.76,C,,PC 62451
161,1,3,male,24.200174859262287,3,1,6.28,C,,PC 13917
162,1,1,male,,2,2,2.86,S,,PC 44651
163,0,3,female,33.48629319384453,4,1,68.44,S,,PC 88435
164,0,2,female,43.292359494034635,2,1,11.94,S,,PC 42120
165,0,3,female,21.32316246988974,2,0,24.57,S,,PC 51085
166,1,3,male,,1,2,9.76,S,,PC 29904
167,0,3,male,28.138780485535076,1,3,79.33,S,E134,PC 16928
168,0,3,female,38.85807398295699,3,3,21.15,S,,PC 38637
169,0,2,male,14.64749127778154,4,2,3.45,C,,PC 79553
170,0,3,female,,4,2,22.72,C,F77,PC 98483
171,0,3,male,,3,1,28.2,C,,PC 69413
172,0,2,male,10.563048969138752,3,0,2.81,C,,PC 84779
173,1,1,female,45.91567955672701,2,1,51.32,S,,PC 68448
174,1,1,male,60.27730313116824,1,2,21.53,S,,PC 69284
175,1,3,male,43.025675573691714,3,2,5.19,S,,PC 48421
176,0,3,male,48.97778674117057,1,3,83.06,S,E132,PC 15508
177,1,3,female,30.195199342436233,1,3,43.19,S,,PC 46944
178,0,3,female,5.7389311236608584,4,0,30.47,S,C93,PC 87837
179,1,3,male,3.1823136836546517,2,0,1.32,C,E48,PC 58269
180,1,2,male,32.57114861414862,1,1,100.14,C,,PC 78576
181,1,3,female,20.71229669178028,4,3,15.89,Q,,PC 14553
182,0,1,male,16.195932103417082,4,3,13.33,Q,,PC 28112
183,0,3,male,28.121546424438545,1,0,1.76,C,,PC 36905
184,1,3,male,37.618194030058035,2,0,10.15,S,,PC 42340
185,0,3,male,8.661394345329938,2,2,60.06,C,,PC 98909
186,0,3,female,22.715713316074613,3,2,59.17,C,B36,PC 51572
187,0,1,female,50.13818956368441,4,3,2.96,C,,PC 69596
188,0,2,female,,2,3,16.36,S,,PC 68000
189,0,1,male,41.17665662030939,3,0,40.29,S,,PC 47703
190,0,1,male,22.213769338314087,2,0,21.6,Q,,PC 96968
191,1,3,male,,4,2,8.25,S,,PC 30012
192,1,3,male,44.36258510084014,2,2,31.33,S,A83,PC 13107
193,1,3,male,,1,3,21.4,S,,PC 77068
194,0,3,male,,2,2,23.22,S,,PC 68841
195,1,3,male,12.877690532288614,4,2,5.67,S,,PC 33425
196,0,3,male,,3,1,16.94,Q,,PC 88115
197,0,1,female,17.062296395112522,0,0,45.01,C,,PC 24613
198,0,1,male,32.633584718001536,0,3,21.54,Q,D57,PC 32586
199,0,3,male,,2,3,30.52,S,,PC 23906
200,1,3,female,35.79171582417413,4,0,14.42,S,C101,PC 26761
201,0,1,female,33.717393464842665,2,2,51.49,S,,PC 75632
202,1,3,female,17.186660300653877,2,1,3.77,S,,PC 73312
203,0,3,male,10.101856227859972,3,1,38.69,S,,PC 67852
204,1,1,female,41.21288151946476,2,3,6.32,C,,PC 87467
205,0,2,male,31.601684085264818,4,3,9.31,Q,,PC 16282
206,0,3,male,45.09127577340945,3,0,71.11,S,,PC 65837
207,1,3,male,28.37373892136985,3,1,16.89,S,C24,PC 20353
208,1,1,male,9.327698950522553,3,3,18.82,S,,PC 96008
209,0,3,male,42.525815534057486,3,3,33.64,S,,PC 67045
210,1,2,male,23.8148114647445,0,0,38.32,S,,PC 78392
211,0,3,female,33.788048403894294,2,3,32.98,S,,PC 61399
212,1,2,male,19.935568001286732,0,1,26.14,S,,PC 44529
213,1,3,male,52.02022394327167,2,2,0.25,S,,PC 71739
214,0,2,male,,0,0,5.45,C,,PC 85216
215,1,2,male,24.275983442513557,2,2,10.39,S,,PC 26023
216,0,3,male,30.50428183776243,1,2,59.6,S,G81,PC 88465
217,0,1,male,13.709447420782585,0,2,83.76,S,,PC 75392
218,0,1,male,33.62727340022633,0,3,21.43,S,,PC 17725
219,0,2,female,,2,3,15.18,S,,PC 94247
220,1,3,female,22.133529750288055,0,3,106.01,C,F134,PC 26220
221,0,3,male,34.531999466444155,4,2,23.25,C,,PC 64093
222,0,3,male,1.0,3,3,40.7,S,F94,PC 21663
223,1,2,female,28.45499119321223,3,2,27.14,S,,PC 27651
224,0,2,female,24.617407997033126,0,2,14.98,S,,PC 67868
225,1,1,male,17.54103356625461,3,2,18.61,S,,PC 71158
226,0,3,female,44.14030657479945,3,3,34.11,S,,PC 71826
227,1,3,female,24.432588457266405,1,0,77.54,C,,PC 40877
228,1,3,female,26.515315180689775,0,2,18.81,S,,PC 83818
229,1,3,male,23.719299752953006,2,1,17.2,S,,PC 14435
230,0,2,male,,3,3,1.82,S,D38,PC 86885
231,0,3,male,13.152189838922546,0,0,4.25,S,,PC 37210
232,1,3,male,42.45530880568303,0,2,0.3,Q,,PC 65857
233,0,1,male,1.0,1,0,4.45,S,,PC 91501
234,1,2,male,18.271585105380122,2,3,49.13,S,,PC 32993
235,0,1,male,,2,3,43.14,S,,PC 47002
236,1,1,male,53.410706142081914,2,0,49.18,C,,PC 84548
237,1,1,female,39.76045271694917,1,3,0.97,S,,PC 87819
238,0,3,male,21.199612621256605,0,1,35.97,S,,PC 31169
239,0,3,male,47.26319175961771,0,3,10.35,S,,PC 55778
240,1,2,female,18.632778512984324,0,2,20.92,S,,PC 39999
241,0,2,female,43.127397252276076,3,0,71.12,C,D145,PC 56527
242,1,3,female,9.97571855707778,3,0,26.82,S,,PC 44123
243,0,3,female,44.0256096450482,2,1,4.11,S,,PC 10469
244,1,3,female,23.3141289634062,0,0,16.18,S,E62,PC 93206
245,1,2,male,14.600940626822224,2,0,102.48,S,,PC 67338
246,0,3,male,25.959989416931602,4,3,75.35,S,,PC 51549
247,1,1,male,32.882818516083006,1,3,51.18,C,G63,PC 19703
248,0,2,male,,2,1,4.44,S,,PC 16414
249,1,3,female,,2,0,5.47,S,F29,PC 53086
250,0,3,male,,1,0,3.33,S,,PC 68417
251,0,3,male,37.68521351503901,2,3,4.65,C,E147,PC 33428
252,0,3,male,35.191108868512394,2,1,0.4,S,A127,PC 76994
253,0,3,male,28.14707723408891,2,0,60.72,S,,PC 45314
254,0,2,male,22.820647626876703,3,1,39.33,S,,PC 10996
255,1,2,male,,2,1,51.21,S,,PC 58336
256,0,2,female,36.703552402471786,0,2,22.02,Q,,PC 26296
257,1,1,male,57.865188138242516,0,1,0.11,S,,PC 11301
258,0,3,female,42.15188590517454,2,3,20.41,S,,PC 21710
259,0,2,female,42.66385929742178,4,2,2.11,S,,PC 35612
260,1,3,male,72.23917072804397,0,3,63.54,S,,PC 56336
261,1,3,male,,0,1,1.04,S,,PC 99064
262,0,3,female,35.785009158363835,3,2,12.44,S,,PC 29646
263,0,2,male,38.856211040503155,2,1,59.7,S,B116,PC 15165
264,1,3,female,14.874476313764456,1,2,50.4,C,,PC 27213
265,1,3,male,,1,2,56.69,C,G69,PC 38745
266,1,3,female,21.913630266307322,3,1,32.97,S,E67,PC 28472
267,0,3,female,38.06659568107386,2,3,7.27,Q,,PC 38927
268,0,3,male,26.56155612890322,3,3,50.24,Q,,PC 97214
269,1,3,male,30.93512795664024,1,3,65.05,S,C49,PC 44144
270,1,1,female,44.2243646820785,2,0,65.94,S,,PC 67123
271,0,3,male,41.084110341857944,4,2,53.35,S,,PC 71629
272,0,1,male,26.735905957422542,1,0,35.32,S,E147,PC 21712
273,0,3,male,,1,0,75.17,S,,PC 32296
274,1,3,male,44.89384624314464,0,3,52.32,S,,PC 47414
275,0,3,female,39.83447653273812,3,0,2.31,Q,A105,PC 51423
276,0,2,female,6.512404543864648,0,3,11.49,S,,PC 11186
277,0,1,male,24.615844855284067,1,1,13.97,C,C136,PC 68037
278,1,3,female,,3,1,65.68,S,,PC 37062
279,0,1,male,39.90361603969444,0,0,27.13,S,,PC 39008
280,0,1,male,41.741420929156796,4,2,1.78,C,,PC 64269
281,0,2,male,32.97468401645663,2,2,3.66,S,,PC 95388
282,0,1,female,37.19346543902398,1,1,12.31,S,F60,PC 87845
283,1,3,male,29.89791523329415,2,3,8.15,S,,PC 98169
284,0,3,male,19.56607636547215,3,1,5.83,S,,PC 47214
285,0,2,male,,2,2,10.41,S,,PC 20770
286,1,1,female,,4,1,35.63,S,E95,PC 29437
287,0,1,male,28.514490499739743,4,2,40.46,S,,PC 40943
288,1,2,male,2.6019793377914127,1,0,85.6,S,,PC 37021
289,1,1,female,,3,1,26.42,S,,PC 28717
290,0,3,male,29.786879143248125,1,2,13.11,S,,PC 23578
291,1,1,male,25.060820113320187,4,2,17.57,S,A21,PC 26810
292,0,2,male,25.5444668628378,1,1,1.43,S,F146,PC 69244
293,1,2,male,,1,2,12.84,S,,PC 54187
294,0,2,male,13.894599381319125,3,2,7.18,C,,PC 13380
295,1,1,female,6.2074090046830435,3,1,4.3,S,,PC 60743
296,1,1,male,24.125622928286553,0,0,15.59,S,,PC 85810
297,1,3,female,39.697601677025055,2,2,4.63,S,,PC 48308
298,0,1,female,,1,3,2.3,Q,,PC 38673
299,0,3,male,39.94979534732636,3,3,31.14,S,,PC 34529
300,0,3,male,8.444307361836138,2,2,47.51,S,D10,PC 44147
301,0,2,female,25.746858648725205,4,3,19.09,S,,PC 35075
302,1,2,male,32.59288133514141,4,3,0.15,S,,PC 93178
303,0,3,female,31.48627563693029,3,2,15.02,S,,PC 99290
304,1,3,female,36.55026374120024,3,0,1.66,S,,PC 40895
305,1,2,male,16.161314749549348,4,2,35.69,S,,PC 93130
306,0,2,male,,0,2,65.21,S,,PC 86822
307,0,2,male,34.8845196168658,3,1,27.48,S,,PC 16830
308,1,3,male,40.559393346251234,3,3,8.43,C,,PC 54174
309,0,3,male,17.71994566742091,0,3,84.84,S,E142,PC 69088
310,0,1,male,24.167803858599427,4,1,35.08,Q,G47,PC 47991
311,1,2,female,,3,1,2.52,C,,PC 51118
312,1,3,female,20.299532453911162,1,0,6.98,C,,PC 54474
313,0,1,female,21.658191498405397,2,0,41.82,C,,PC 71992
314,0,3,male,14.725816885655798,2,1,7.21,S,,PC 36438
315,0,3,male,31.318570103257123,4,1,22.61,S,G17,PC 63725
316,1,1,male,28.216763951366246,4,1,15.21,S,E138,PC 31913
317,1,1,male,1.0,4,0,11.1,S,,PC 90031
318,1,1,female,32.01711157022459,3,1,4.05,S,,PC 17620
319,1,3,male,16.003462168953618,0,2,38.4,S,,PC 16028
320,1,1,male,,4,1,31.34,S,,PC 13395
321,0,1,female,11.054082531798684,0,2,66.81,Q,F121,PC 41463
322,0,1,male,29.420091539433162,0,1,8.91,S,,PC 64561
323,1,1,male,25.035713395588918,0,2,1.51,S,,PC 98693
324,1,3,male,33.243426389304624,4,2,75.33,S,,PC 50917
325,1,2,male,30.745761887118856,2,3,30.17,S,,PC 26405
326,0,3,female,25.427701549699638,1,0,0.13,C,,PC 43141
327,0,3,male,7.492187603380575,0,3,145.48,S,B65,PC 21459
328,0,3,female,8.319088511545559,2,1,68.9,S,,PC 52478
329,0,1,female,,3,0,13.97,S,,PC 75606
330,1,3,female,28.884081624985782,4,2,29.82,S,,PC 13197
331,1,3,male,20.48452873921236,2,0,10.38,S,,PC 79968
332,0,1,male,,3,0,8.88,Q,,PC 30570
333,0,3,female,25.090907131036428,4,3,17.64,S,,PC 70503
334,1,3,male,15.489821853086855,4,0,11.21,S,,PC 83393
335,0,2,male,25.106651898169268,1,2,12.4,S,,PC 79856
336,1,3,female,32.16203770843173,4,0,2.47,S,E91,PC 70288
337,1,3,male,33.548386063544186,2,0,160.25,Q,,PC 72434
338,0,3,female,55.29730784790381,4,0,32.44,S,G134,PC 26885
339,0,3,female,,0,0,3.73,S,,PC 22219
340,1,2,female,,0,1,4.65,S,,PC 44312
341,1,3,male,34.96573525547197,4,1,43.42,S,,PC 64739
342,0,2,female,28.672078571188585,3,0,276.25,S,,PC 65634
343,1,3,male,,0,1,22.07,S,,PC 79918
344,1,3,female,7.31039953118059,4,1,7.33,C,,PC 37764
345,1,1,female,21.848316173257782,0,2,149.31,S,B86,PC 87895
346,0,2,female,13.968166221950787,3,3,33.34,S,,PC 50422
347,1,2,male,4.827506464267103,1,2,9.66,C,,PC 32160
348,1,1,male,17.86049621661179,0,3,25.05,S,G56,PC 76186
349,0,1,male,14.340715909269637,4,0,23.42,S,,PC 21468
350,0,2,male,37.17301163410127,4,0,40.87,S,B9,PC 46477
351,1,1,male,,0,3,31.23,S,F5,PC 80297
352,0,1,male,16.345689945867754,0,1,90.14,C,A143,PC 79398
353,0,3,male,,3,3,53.98,S,B27,PC 33089
354,0,3,female,2.9846027304245055,0,1,14.64,S,,PC 24989
355,1,3,female,,3,0,84.12,S,,PC 12873
356,1,2,male,,4,3,10.65,S,,PC 18043
357,0,3,female,,3,2,17.17,S,,PC 84268
358,1,3,female,19.017340856321606,1,3,1.64,C,,PC 80523
359,0,1,male,43.72596804738528,0,1,43.92,S,,PC 55538
360,1,1,male,,3,0,28.78,S,,PC 61309
361,1,3,female,11.533210811986905,0,2,44.65,Q,,PC 39396
362,1,1,female,38.935266118930265,2,0,110.09,S,,PC 27284
363,0,3,female,52.39569719988546,2,2,16.45,S,F118,PC 11028
364,1,3,female,35.90804783457173,3,1,46.81,S,,PC 70468
365,0,1,female,28.435206588523826,1,3,35.63,S,,PC 13179
366,1,1,male,,3,3,73.91,S,,PC 19452
367,0,3,male,1.0,3,1,96.25,S,,PC 81335
368,0,3,male,30.811733516542166,1,3,71.08,S,,PC 62454
369,0,1,female,,1,0,21.77,S,,PC 54073
370,1,3,male,13.518307449870349,0,0,7.29,S,,PC 29655
371,0,3,male,29.91745613162071,2,3,3.89,C,,PC 23474
372,1,3,female,30.611839145109336,1,2,10.66,S,,PC 51984
373,0,3,male,42.221822159563814,0,1,17.05,C,,PC 42265
374,0,2,female,30.912431962177813,2,0,90.54,S,,PC 58069
375,1,1,male,46.19752115668138,2,1,15.08,S,,PC 24877
376,0,3,female,29.11191641368339,0,2,0.87,S,,PC 30829
377,1,2,female,,0,3,14.12,S,,PC 20159
378,1,3,male,,0,3,15.69,S,,PC 48202
379,0,3,female,15.301827679419917,3,1,9.33,S,,PC 34867
380,0,1,male,68.40226434572625,1,1,26.2,S,,PC 30111
381,0,3,male,34.2536046943343,0,0,17.49,S,A80,PC 59455
382,1,1,female,34.331609539727424,0,0,2.44,S,,PC 54766
383,1,3,female,36.35134363561637,4,1,21.58,S,,PC 28900
384,0,2,male,55.27991065464299,1,2,48.59,S,,PC 72912
385,0,3,male,40.09510376341649,3,0,35.72,S,E100,PC 40930
386,0,3,female,6.529216293945069,2,1,2.5,S,E114,PC 40722
387,0,2,male,48.64858538674506,0,2,84.83,S,,PC 53013
388,1,3,male,24.227447887769756,1,3,27.14,S,,PC 22514
389,1,3,male,,0,3,21.89,S,,PC 47802
390,0,3,male,11.09044438954627,3,1,8.48,S,,PC 62415
391,1,3,female,36.36682825373454,1,1,59.1,S,,PC 21576
392,0,3,male,19.88075993905427,2,3,40.46,C,,PC 60840
393,0,2,male,30.402374931908632,0,2,1.13,S,D112,PC 13497
394,1,3,female,25.022613924949038,4,1,3.51,C,C124,PC 64313
395,1,1,male,55.95017922430193,1,2,1.72,S,,PC 13191
396,1,3,female,56.75164420203825,2,0,25.97,S,C141,PC 25757
397,0,3,male,29.65118438300638,4,1,196.95,S,,PC 41515
398,0,2,female,29.895687959163965,3,1,84.98,S,,PC 65315
399,0,1,female,23.771798471106788,3,3,29.1,S,D87,PC 74691
400,0,3,female,44.484088081039005,4,0,124.82,C,,PC 52203
401,1,2,male,24.395121815332722,0,3,19.04,S,,PC 21812
402,1,3,male,23.10127815496021,4,1,11.1,S,,PC 44873
403,0,1,female,,2,0,22.65,S,,PC 80827
404,1,3,male,21.46381266556691,2,2,9.18,S,,PC 18128
405,0,1,male,28.471429517720573,1,2,11.69,C,,PC 74409
406,1,1,male,6.861649058846101,3,0,24.73,S,,PC 44719
407,0,3,female,38.85866483172434,4,0,32.97,S,,PC 10354
408,0,3,female,56.17213714854616,3,0,58.65,Q,,PC 72512
409,1,1,male,39.09715521919709,0,1,18.76,Q,,PC 12407
410,0,3,female,49.46518834566227,2,0,43.42,S,,PC 43268
411,0,3,male,17.154570093517368,3,2,1.25,S,,PC 27552
412,0,3,male,,1,0,8.33,C,,PC 62558
413,0,2,male,15.795761058828546,3,3,6.24,S,,PC 15050
414,0,3,male,25.8112823618612,3,3,30.29,S,,PC 18194
415,0,3,male,39.81096068293507,0,2,4.37,S,B107,PC 57820
416,1,3,female,30.42548858344618,2,3,146.68,Q,,PC 99453
417,1,3,female,9.223025683582897,0,3,26.64,Q,,PC 13566
418,0,3,male,10.589592522471452,2,0,63.66,S,,PC 51466
419,0,1,male,9.663704959129166,1,1,2.7,S,,PC 82237
420,1,3,male,35.88033625915426,4,3,32.17,S,,PC 36167
421,1,3,female,57.894523499193355,4,1,48.8,S,,PC 54366
422,1,3,female,48.07441541600298,2,2,29.82,C,,PC 85480
423,1,1,female,2.4562072119550997,2,3,25.01,S,E128,PC 75515
424,1,1,male,48.89506313297697,3,3,42.7,S,,PC 36388
425,0,3,male,42.109605838205056,3,1,101.68,S,A116,PC 77562
426,0,1,male,7.365800762597392,3,1,30.9,S,,PC 70818
427,1,3,male,24.755177366053033,3,0,62.7,C,E118,PC 55608
428,1,2,male,44.337313760941335,4,1,14.76,S,C48,PC 49701
429,0,3,male,36.70606915308699,4,1,18.6,C,,PC 93281
430,1,3,female,10.6726692665682,0,1,31.18,S,,PC 88684
431,0,2,male,,2,1,5.97,S,,PC 99120
432,1,2,male,1.0,2,3,5.87,S,,PC 70783
433,1,3,female,25.88048953939904,2,3,228.65,S,,PC 42328
434,0,3,male,44.93139477160068,2,2,76.04,S,B59,PC 19865
435,0,2,female,29.257519017998476,3,0,94.15,S,F17,PC 21327
436,0,3,male,22.014874300532757,2,1,65.58,S,,PC 95606
437,1,3,female,41.45084755281289,1,2,53.85,C,,PC 42691
438,1,3,male,42.64652541121214,2,0,80.51,S,,PC 19939
439,0,1,male,47.3405557001373,4,1,34.24,S,,PC 30101
440,0,2,female,,1,2,13.32,C,,PC 11879
441,1,2,male,44.13924711512005,0,3,68.98,S,,PC 57789
442,0,1,male,39.260719804125486,4,3,35.98,C,,PC 63185
443,0,1,male,32.717401087630606,0,1,8.61,S,,PC 44054
444,0,3,male,30.2531259966934,3,1,113.72,S,,PC 76970
445,1,2,female,25.678363932636373,4,1,46.25,S,,PC 53239
446,1,3,male,12.02684389716384,1,2,10.88,C,,PC 96393
447,0,2,male,15.625638876522677,1,1,24.43,S,,PC 78686
448,1,1,male,25.051797252907065,1,1,33.94,S,E38,PC 16777
449,1,3,female,32.38033023443401,0,0,20.59,Q,A147,PC 34661
450,0,3,male,49.17137637205968,0,1,58.97,S,,PC 77879
451,1,2,female,28.414838809742825,0,0,30.38,C,,PC 58372
452,1,1,female,43.0486680722873,2,2,16.24,S,,PC 77788
453,0,1,male,44.11041919004969,2,3,36.48,Q,,PC 40164
454,0,3,female,25.759744832356926,0,3,72.6,C,,PC 13432
455,1,3,male,,4,1,2.79,Q,,PC 80645
456,1,2,male,25.590607415851938,3,3,7.26,S,,PC 80651
457,0,1,female,47.50990251709868,0,3,41.41,C,,PC 67557
458,1,3,female,37.90180673572305,4,1,54.81,C,,PC 46392
459,1,3,male,12.333227434363025,0,3,15.82,S,,PC 10765
460,0,3,male,31.261345130153856,2,1,8.66,S,,PC 75506
461,1,3,male,52.073570265534315,2,3,159.45,Q,,PC 69403
462,0,1,male,26.462765516346185,2,1,14.21,S,,PC 70088
463,1,2,male,35.268010421330956,4,1,5.53,S,,PC 25314
464,0,2,male,36.64230372834803,4,0,35.67,S,,PC 75808
465,0,3,male,14.487279411695592,1,3,32.6,S,E140,PC 75201
466,1,3,male,36.149911288989195,2,1,4.91,C,G1,PC 87172
467,0,3,female,9.48630787151524,4,3,31.96,S,,PC 61059
468,1,3,female,,3,0,1.57,S,A52,PC 75838
469,0,3,female,44.06012154491869,4,2,32.72,C,,PC 46133
470,1,3,male,,2,1,11.01,S,,PC 72699
471,1,1,male,24.737310691548622,1,1,14.49,S,,PC 72465
472,1,1,male,35.250454297432626,2,0,12.8,S,,PC 80162
473,0,2,male,28.15870853142816,4,0,25.06,C,,PC 87092
474,0,3,male,29.176099032925666,4,1,49.01,Q,C33,PC 10286
475,1,1,male,38.19545937408193,3,1,28.88,S,,PC 80086
476,1,3,female,18.816851630772153,3,3,9.7,S,,PC 81322
477,1,3,male,29.56470967776567,2,1,5.31,S,,PC 59083
478,0,3,female,24.62824527550686,1,0,51.49,S,,PC 56766
479,1,1,male,6.801552755596422,2,1,17.73,S,,PC 75041
480,0,2,female,16.113619412509806,2,2,30.32,S,,PC 50975
481,0,1,male,,4,1,15.89,S,,PC 47251
482,1,3,male,34.38612640419328,2,3,9.13,S,G104,PC 82301
483,0,3,male,10.469763780380553,3,1,6.09,S,,PC 81011
484,1,3,female,7.435038738122252,0,2,8.26,C,,PC 28624
485,0,2,male,27.429705398451826,3,0,2.03,S,A95,PC 84613
486,0,2,male,,2,0,73.07,S,,PC 39383
487,0,2,male,26.385386112739063,4,3,5.73,S,,PC 22356
488,1,3,female,47.29799374765622,2,1,24.27,C,,PC 89056
489,1,3,male,33.927030791461206,2,1,13.55,S,,PC 31422
490,1,1,male,35.59750640984251,0,2,50.17,S,,PC 28267
491,1,3,male,,4,0,42.33,S,,PC 34298
492,1,1,female,42.125320904496604,3,2,0.13,S,,PC 54238
493,1,3,male,24.3109514781695,4,1,9.99,Q,,PC 24947
494,1,1,male,41.08329435055272,0,0,43.41,S,,PC 24359
495,0,2,female,17.60162025219442,1,1,22.64,S,,PC 45327
496,0,3,male,31.478690865138773,4,1,118.83,C,,PC 29614
497,0,1,male,,0,0,104.74,S,,PC 27372
498,0,2,male,26.843533567937868,2,2,36.74,S,,PC 92093
499,1,2,male,34.6636327032062,2,2,5.23,S,,PC 63597
500,0,2,male,,4,1,30.64,S,G82,PC 11243
501,0,3,male,19.913163457422087,4,3,36.54,S,,PC 19145
502,1,3,female,51.4767673591155,4,2,52.61,C,,PC 83253
503,1,3,female,,1,3,74.33,C,,PC 34292
504,1,2,male,18.347893569325525,2,0,3.07,C,,PC 23715
505,0,3,male,36.95822027832458,3,3,122.71,S,,PC 69896
506,0,2,male,18.602496034183858,4,1,5.31,S,F46,PC 85421
507,1,2,female,12.414414988727462,0,2,5.14,S,,PC 45868
508,0,1,male,43.47333217958567,4,3,9.2,Q,,PC 76858
509,0,3,male,,1,1,53.77,C,,PC 47931
510,0,3,male,41.975982790071576,0,1,9.2,S,G6,PC 19792
511,1,3,male,25.46188762397718,3,0,45.16,S,,PC 81812
512,1,3,male,26.038347556872598,3,2,52.16,C,,PC 92704
513,1,3,female,,0,3,10.01,Q,,PC 98605
514,1,3,male,37.136783367919534,0,1,28.24,C,A10,PC 19005
515,1,3,female,,4,0,17.85,S,,PC 60855
516,0,2,male,39.048158522500884,4,1,100.49,S,A140,PC 66107
517,1,1,female,30.587187532353127,0,1,21.55,S,G73,PC 17115
518,0,1,female,11.415232899847467,4,3,0.18,S,,PC 95647
519,0,3,female,26.621757229883652,4,0,24.14,Q,G113,PC 19261
520,1,3,male,,4,1,29.79,S,,PC 34185
521,0,3,male,52.47232717543975,1,2,14.55,S,,PC 97164
522,0,1,male,,2,0,89.03,S,,PC 60048
523,0,3,male,12.335191165642819,4,3,59.87,S,A2,PC 71130
524,1,1,male,35.86849663438244,4,3,16.47,S,,PC 54433
525,0,2,female,40.9120526540287,3,1,11.39,S,,PC 77721
526,0,1,female,,0,2,10.66,C,,PC 17332
527,1,1,male,39.98936004163085,0,3,7.48,S,,PC 70818
528,0,3,male,34.085683109465435,1,2,77.36,S,A71,PC 15997
529,1,2,female,27.986227256372388,0,0,14.71,S,,PC 26165
530,1,3,female,20.48285505734374,0,0,3.52,S,,PC 55561
531,1,3,male,2.4289027409790513,0,1,42.65,S,C14,PC 50352
532,0,2,male,33.75498473398691,3,0,3.09,C,F96,PC 23728
533,0,3,female,31.60473981113064,2,1,91.41,S,,PC 81826
534,0,1,male,36.80606179954743,2,2,1.68,Q,,PC 37167
535,1,3,male,,4,2,16.98,S,,PC 87971
536,0,3,female,38.03023365041084,2,0,20.66,S,,PC 11349
537,0,3,female,,2,0,29.87,S,,PC 31359
538,0,3,female,30.098301830890758,1,0,2.97,S,,PC 36716
539,1,1,female,28.13668553110843,2,1,49.38,C,E43,PC 63635
540,0,3,male,33.32603298519982,0,3,13.76,S,,PC 46092
541,1,2,male,57.45271834594473,2,1,39.65,S,D45,PC 24139
542,0,1,male,14.668931336201528,4,1,16.83,S,D124,PC 61395
543,0,2,male,,2,2,26.14,C,,PC 96243
544,0,3,male,17.804796087832983,1,0,71.68,S,,PC 22029
545,1,3,male,21.34193390817007,3,0,0.03,C,,PC 32698
546,0,3,male,,4,0,2.7,S,,PC 53063
547,0,3,female,47.86252538258982,2,2,64.32,C,,PC 75396
548,1,1,male,54.213868409642316,1,1,108.92,S,,PC 22294
549,1,3,male,35.27399002477389,3,2,70.5,S,,PC 30799
550,1,2,male,23.727673877671208,0,2,77.51,Q,,PC 31166
551,1,3,male,63.89834413293926,4,1,12.6,S,,PC 65444
552,0,1,female,,1,3,118.28,S,,PC 17417
553,1,3,male,,1,3,29.46,S,,PC 69333
554,0,2,male,,3,0,6.39,S,,PC 48291
555,1,1,female,48.54528196942641,0,3,4.16,S,A138,PC 39558
556,1,3,male,42.555438293198115,1,0,9.62,S,F53,PC 87593
557,1,1,male,62.84927750563024,0,0,40.83,C,G83,PC 83694
558,1,1,male,9.546673068946237,1,2,94.24,C,,PC 82264
559,1,3,male,49.414391304707536,2,0,14.98,S,,PC 89682
560,1,2,female,29.981897257125784,0,1,39.82,S,,PC 31051
561,1,3,male,40.28540303520191,1,0,19.28,C,,PC 86955
562,0,2,male,5.931120024537407,3,1,0.88,S,,PC 25839
563,0,3,male,49.553145517314164,4,3,6.72,S,E111,PC 39771
564,0,3,male,,0,3,4.51,S,,PC 59996
565,1,3,male,28.455259512992953,3,0,30.76,S,,PC 76989
566,0,3,female,38.0315776272557,0,2,0.79,S,C4,PC 61989
567,0,3,male,18.28306578540851,2,1,16.06,C,,PC 60353
568,0,3,male,20.88783880185621,4,1,105.36,Q,,PC 43881
569,1,2,male,22.511775409244454,3,2,4.63,S,G106,PC 63335
570,1,1,male,3.0618099363361075,1,3,7.51,S,,PC 52759
571,1,3,male,41.06461891884714,1,1,9.38,S,,PC 52967
572,0,3,female,45.68231059855593,3,0,33.32,S,,PC 62714
573,0,1,female,19.181181903306218,4,3,37.23,C,E109,PC 64022
574,0,2,male,33.87484222322746,1,3,7.26,S,,PC 39696
575,0,3,male,,0,1,15.7,Q,,PC 22208
576,0,3,female,33.59583546913443,2,2,14.84,S,,PC 36960
577,1,3,male,,3,3,5.9,S,,PC 46795
578,1,3,male,16.6320478147731,2,2,6.59,S,B79,PC 24483
579,1,3,male,43.729048404332396,4,1,75.8,S,,PC 25990
580,0,2,female,28.105811808257105,4,3,3.6,C,,PC 95588
581,0,3,female,,3,3,15.46,S,,PC 35209
582,1,2,male,,0,2,3.79,S,,PC 76507
583,0,3,female,,4,0,23.96,S,,PC 21503
584,0,2,male,46.17717227010314,3,1,38.44,S,,PC 97506
585,0,3,male,37.831202298044275,1,2,19.72,C,,PC 29124
586,1,3,male,,2,1,10.7,S,,PC 45446
587,1,3,male,,4,2,35.21,S,G4,PC 80372
588,0,3,male,19.860851886158876,4,2,9.62,S,G24,PC 28128
589,1,2,male,27.218453674205975,2,0,59.31,S,,PC 59484
590,1,3,male,26.599702359170895,0,2,10.25,S,,PC 80694
591,1,2,female,10.929548483181343,3,2,8.47,S,,PC 12127
592,1,2,male,25.30973789778459,3,0,88.22,S,,PC 12283
593,0,2,male,47.709312410275544,0,2,92.45,S,,PC 80966
594,1,1,male,32.322733453113855,4,2,10.15,S,D73,PC 33646
595,0,1,male,,1,0,86.26,Q,,PC 91851
596,1,3,female,7.218248236690911,4,2,91.14,S,,PC 93464
597,1,3,female,52.3068648224758,2,1,11.48,S,G57,PC 89237
598,1,3,female,27.73553385642818,1,1,68.38,S,,PC 99709
599,1,1,male,19.93625712017736,0,2,215.88,S,,PC 84070
600,1,2,male,25.164115291441956,0,0,0.63,C,,PC 44512
601,1,1,male,8.31769143955735,3,0,56.62,S,,PC 99298
602,1,3,male,48.92333209316268,1,1,0.04,S,E18,PC 41127
603,1,3,male,23.497258873795587,4,3,75.43,Q,,PC 62775
604,0,2,male,48.143621388337905,1,0,5.58,C,,PC 10514
605,1,3,male,29.723124002262413,4,3,55.76,C,,PC 96631
606,1,1,male,49.01344764395816,4,0,7.94,S,G50,PC 63266
607,0,2,male,32.5937229866032,0,1,13.32,S,,PC 95395
608,1,1,female,40.94525728016706,3,1,12.19,S,,PC 41754
609,1,2,female,39.067302645236715,4,1,14.21,S,,PC 38191
610,1,3,male,37.72607492752759,1,0,69.41,S,A63,PC 57016
611,1,3,female,33.87108268055795,0,3,16.66,C,,PC 87708
612,0,1,male,,4,1,20.66,S,,PC 59399
613,1,3,female,55.816085682020045,2,3,1.9,S,B41,PC 81321
614,0,3,female,16.30288220865739,0,2,20.64,S,,PC 29299
615,1,3,male,29.060306992804236,4,2,9.56,S,,PC 79821
616,1,3,female,29.208402252906335,3,1,13.27,S,,PC 75920
617,0,2,female,34.6341705468093,0,2,40.84,C,,PC 90664
618,0,3,female,22.987382957476985,1,3,11.42,S,,PC 15187
619,0,2,female,33.40644827825423,0,3,14.85,C,,PC 44576
620,0,3,male,,4,3,34.25,S,,PC 17982
621,0,2,male,6.852664755869412,0,0,13.35,S,,PC 46004
622,0,3,female,29.13373200759585,3,2,38.05,S,,PC 78300
623,0,1,male,13.592085337577876,2,1,6.57,C,D29,PC 67604
624,0,2,male,4.718599325715388,2,3,2.78,S,,PC 77768
625,1,3,male,30.91622648965139,4,3,9.85,S,,PC 76401
626,0,3,male,35.83036678827393,4,3,27.59,S,,PC 99301
627,0,2,male,36.37377258946407,0,0,8.36,C,,PC 89175
628,0,3,female,36.94038989827572,0,1,168.22,S,,PC 62761
629,1,3,male,1.9437537068314548,0,2,35.77,C,,PC 88825
630,0,2,female,9.945763009295426,3,2,14.24,Q,,PC 14311
631,1,3,female,56.62930011539139,2,1,164.41,C,,PC 74919
632,0,3,male,14.339077358921495,0,0,15.46,S,A85,PC 56982
633,0,3,male,37.55177443591364,1,0,0.36,S,B40,PC 96119
634,0,2,male,19.382873296678156,2,2,21.61,Q,F17,PC 55337
635,0,2,female,30.1154183497459,3,1,41.4,S,,PC 26076
636,1,3,female,,1,1,11.25,S,,PC 75169
637,0,3,male,36.86157616467503,4,3,3.65,S,,PC 95529
638,0,3,male,,4,0,96.31,C,A26,PC 11455
639,1,3,male,22.72394316898073,3,3,18.09,S,E51,PC 15777
640,1,3,male,14.297590324470056,2,1,43.8,S,G58,PC 69515
641,1,3,female,32.748838764895154,4,3,62.2,S,,PC 60005
642,1,3,female,,3,3,28.33,C,F146,PC 59373
643,1,3,male,34.98473458969174,2,2,25.47,S,,PC 18117
644,0,3,female,65.7707887265166,2,1,22.6,C,A87,PC 61488
645,1,2,male,,4,0,95.31,C,,PC 61119
646,0,3,female,39.05687041651828,2,0,12.93,Q,,PC 86434
647,0,2,male,,0,3,47.45,C,,PC 45109
648,1,2,male,1.8574632219506455,4,0,26.85,S,D85,PC 41311
649,1,3,female,10.48799045739742,0,1,3.9,S,,PC 17344
650,1,2,male,46.95909998543799,3,1,40.79,S,,PC 61020
651,0,1,female,17.943414878253083,3,2,60.7,Q,,PC 68329
652,1,3,female,,2,3,15.64,S,,PC 35265
653,0,3,male,,0,2,33.25,S,G55,PC 75807
654,1,1,male,,2,3,19.15,C,,PC 94423
655,1,1,female,11.825237716277094,4,2,0.79,S,,PC 25676
656,1,2,male,28.293362981060096,1,1,15.84,C,G105,PC 61541
657,1,3,male,16.51858763459149,3,0,18.07,S,,PC 72498
658,1,3,male,18.62573988309547,4,0,232.48,S,,PC 11661
659,0,1,female,,4,1,34.61,S,,PC 26114
660,0,3,male,36.31304299368256,2,0,7.16,S,,PC 45606
661,0,1,male,,1,1,19.29,S,,PC 22365
662,1,2,female,,3,1,4.27,Q,,PC 41995
663,0,3,male,,2,1,71.43,S,,PC 23262
664,0,1,female,27.01144548473884,3,3,72.48,S,,PC 90694
665,1,1,male,25.10444724159958,3,3,52.82,C,G130,PC 63916
666,1,2,female,35.586304977982394,3,2,11.8,C,A147,PC 39625
667,1,3,female,38.35476980980683,1,0,1.82,S,,PC 80090
668,1,3,male,,3,1,14.46,Q,,PC 11657
669,1,3,female,30.1285088586873,2,2,75.39,S,F65,PC 63719
670,0,1,male,18.05493678373341,4,2,65.53,S,,PC 71509
671,1,1,male,16.950437395696643,3,1,5.32,S,,PC 82840
672,1,3,male,39.76806502753531,4,1,34.11,C,,PC 30004
673,1,2,female,35.2291888756247,4,1,19.14,S,,PC 63232
674,0,3,male,35.37417813783207,4,2,34.86,S,,PC 79090
675,1,3,male,,3,0,36.15,C,,PC 81758
676,1,1,male,29.64684586140935,2,2,3.22,S,,PC 25808
677,1,3,male,38.74976647151877,0,0,16.3,S,A103,PC 97886
678,0,1,male,42.09152265431897,1,2,7.51,C,,PC 34656
679,1,2,male,41.75719207266907,2,3,24.57,S,,PC 45185
680,1,3,male,,3,2,5.19,S,,PC 27285
681,1,3,male,48.417898218723735,2,1,12.0,S,,PC 23494
682,0,3,male,32.1984495442525,2,3,14.96,Q,,PC 32991
683,1,3,male,37.85326669592118,0,2,17.84,S,,PC 22185
684,1,3,female,,3,1,53.25,S,,PC 75948
685,0,3,male,32.45809390477844,2,0,0.31,S,,PC 63772
686,1,3,male,18.699472136495523,0,0,74.02,S,G132,PC 45102
687,0,1,male,38.818911736827566,1,0,24.07,Q,,PC 59238
688,1,3,male,,4,0,31.47,S,D102,PC 64377
689,0,3,male,23.752868952938833,0,2,4.46,S,,PC 26580
690,1,2,female,29.993926015949274,2,2,30.04,S,,PC 36725
691,1,3,male,,2,3,16.64,S,,PC 89388
692,1,2,male,22.167721378132917,0,2,4.81,S,,PC 11088
693,1,1,male,50.62229269366142,0,3,32.02,Q,,PC 96106
694,1,3,male,,4,2,4.96,S,,PC 96785
695,0,2,male,,2,1,5.22,S,,PC 32789
696,0,3,male,6.775100467761781,1,2,120.99,S,,PC 38863
697,1,3,male,,0,1,23.87,S,A45,PC 28619
698,1,3,male,5.082401498653134,2,1,54.15,S,,PC 60458
699,0,2,female,37.845265788967005,3,1,2.27,S,,PC 29252
700,0,2,female,68.19576110572234,3,2,16.84,S,C124,PC 81160
701,1,3,male,23.86649688889269,0,1,3.98,C,E98,PC 44867
702,1,3,male,5.665388938136676,3,2,6.67,C,,PC 97068
703,0,3,female,41.59999530201627,4,3,48.27,S,,PC 86789
704,0,3,male,18.823050574977806,1,1,15.78,Q,,PC 46117
705,0,1,female,47.190857027749566,0,1,178.72,S,,PC 63635
706,1,3,male,25.051593330940776,4,1,3.01,S,,PC 12194
707,0,1,female,20.15458035284107,2,3,17.37,C,,PC 16079
708,1,1,female,26.50859421956039,3,0,10.26,S,,PC 55541
709,0,3,male,39.608874653106625,1,3,9.21,S,,PC 52567
710,0,1,male,,1,1,8.08,C,E42,PC 45846
711,1,1,male,22.045854160888123,1,3,30.18,S,G3,PC 18129
712,1,1,male,,1,3,8.21,C,F126,PC 85587
713,1,2,male,11.194027416987609,2,3,34.56,S,,PC 46558
714,1,3,female,34.558442432115726,0,3,16.47,C,,PC 52300
715,1,1,male,3.985827686171259,4,0,32.26,S,,PC 46316
716,1,3,male,,2,2,6.79,S,,PC 54760
717,1,3,female,39.63139292363041,4,0,79.64,S,,PC 68351
718,0,1,male,33.24267596105803,2,1,52.95,C,,PC 78757
719,0,1,male,37.26448802180946,1,0,27.02,S,,PC 59450
720,1,3,female,28.089360581936674,2,2,57.69,C,,PC 24937
721,0,3,male,45.376446533797235,0,2,25.03,S,,PC 88727
722,1,3,male,41.945788754777084,4,2,0.23,S,,PC 35616
723,1,3,male,,3,0,23.76,S,,PC 11464
724,0,1,female,41.9856408823896,0,1,16.42,S,,PC 13513
725,1,2,male,,2,2,15.4,Q,G85,PC 79659
726,0,3,male,22.847510813143536,2,3,40.42,S,,PC 44825
727,1,2,male,10.18541523632133,1,3,5.35,S,,PC 12039
728,0,3,male,34.885069761796736,0,0,85.96,S,E89,PC 83028
729,0,3,female,,3,1,39.88,S,,PC 37385
730,1,3,male,,1,0,22.25,S,,PC 98014
731,1,3,female,15.891502149365891,2,3,13.51,C,,PC 89168
732,0,2,male,16.309965170119714,1,0,74.11,S,,PC 14335
733,1,1,male,35.438603728308784,3,3,11.59,S,,PC 72136
734,1,1,female,28.003662156056787,0,0,139.48,S,E132,PC 64288
735,0,3,male,,1,0,29.96,S,G67,PC 25479
736,1,1,male,34.25151429255867,2,3,92.65,S,,PC 40875
737,1,1,female,3.0660791901546354,2,1,10.69,S,,PC 54170
738,0,1,male,15.766408273772733,3,1,96.42,S,,PC 23150
739,1,1,male,47.923539220041505,0,2,61.44,C,G97,PC 74970
740,1,3,female,54.548306249299614,2,1,5.25,Q,,PC 34956
741,1,2,male,11.980810841392536,3,2,55.81,Q,,PC 94359
742,1,3,male,,1,1,34.76,C,F63,PC 82150
743,1,1,male,29.596715323101883,0,1,0.94,S,,PC 67088
744,0,3,male,53.93717698614195,4,1,84.91,C,,PC 20778
745,1,2,male,,3,0,6.71,S,,PC 12220
746,0,2,female,22.32362367753411,3,1,2.08,S,,PC 23132
747,1,3,male,50.682157818480064,3,2,2.34,S,,PC 54972
748,0,3,female,23.75295186194439,3,0,4.43,S,,PC 80312
749,0,3,male,39.110823925530404,3,0,56.85,Q,,PC 23766
750,0,1,male,8.319998488426016,2,2,30.79,C,A114,PC 73662
751,1,1,male,26.602741582707434,0,1,30.53,S,,PC 14300
752,0,3,female,5.765644263430335,2,0,0.22,S,C46,PC 33904
753,0,2,male,14.223927066620139,1,2,22.25,S,,PC 63865
754,1,3,male,40.74881897213169,3,3,46.83,S,,PC 84552
755,1,3,female,,2,0,17.28,C,,PC 79922
756,0,3,male,24.532519632258357,4,0,8.39,Q,B62,PC 57937
757,1,3,male,,2,1,15.14,S,,PC 13245
758,0,3,female,25.910814974622042,2,2,41.97,S,,PC 36404
759,0,1,male,,4,0,2.7,S,,PC 80522
760,1,1,male,42.760826890464664,2,3,4.49,S,,PC 17308
761,0,3,male,,1,1,6.16,S,D19,PC 73574
762,1,3,male,17.355343560320662,1,0,3.38,S,A65,PC 73352
763,1,2,male,31.22734739064608,4,3,38.16,S,,PC 77678
764,1,2,female,27.615916376528,3,0,1.86,S,,PC 29550
765,0,3,male,34.64726739537415,0,0,17.42,S,B45,PC 32025
766,1,3,female,32.745564005771755,2,3,22.85,C,,PC 27864
767,1,3,female,24.731849918092298,1,2,24.53,S,,PC 45423
768,0,2,male,21.62405525617952,3,1,5.65,C,,PC 57155
769,0,2,female,25.56297914370299,0,2,36.57,S,,PC 20777
770,0,3,female,45.082392897518396,3,2,91.96,S,,PC 61065
771,1,2,female,18.751888939319997,3,2,51.3,S,,PC 31499
772,1,3,male,,1,0,118.38,S,,PC 60592
773,0,3,male,31.566790995977893,0,2,107.2,S,,PC 37250
774,1,1,male,50.84491301824241,3,1,3.63,S,,PC 95916
775,1,1,male,24.795684384691615,1,3,17.88,S,,PC 38748
776,1,1,male,42.42329318415345,4,2,75.12,Q,,PC 88416
777,0,3,male,,3,0,2.05,S,F76,PC 25753
778,0,3,male,28.107440290130924,4,3,8.98,S,B30,PC 17642
779,0,1,female,26.049934292925325,2,1,8.44,C,,PC 26983
780,1,3,male,,4,1,2.49,S,,PC 47743
781,1,3,male,,0,3,44.02,S,,PC 91131
782,1,3,male,40.95935804807566,1,3,42.81,C,,PC 25862
783,0,3,male,32.2341396815772,0,3,52.33,S,,PC 80549
784,0,1,male,32.29405592837817,3,2,21.31,S,,PC 72721
785,0,1,male,13.24687085468231,2,3,20.15,S,,PC 41002
786,1,3,male,15.455138916746717,1,0,92.07,S,,PC 40276
787,0,1,male,59.00825554687772,1,2,2.69,C,C105,PC 95286
788,1,3,male,26.510439845958345,3,1,27.99,S,,PC 74316
789,1,1,male,18.153192061902956,0,1,25.28,S,,PC 31502
790,0,1,male,,2,0,102.44,S,,PC 92066
791,0,1,male,32.94531968156973,3,0,93.52,S,,PC 46613
792,0,2,male,37.0941688361033,1,1,11.87,S,,PC 17172
793,1,1,male,27.06734094605853,1,3,110.94,S,,PC 83216
794,1,1,male,24.538576731924742,1,2,22.45,C,,PC 88184
795,0,3,female,26.625790785037935,2,1,42.98,S,,PC 49859
796,0,2,female,9.641665615819225,1,1,88.09,C,,PC 73352
797,1,2,female,27.769016268121437,1,2,31.25,S,C34,PC 31116
798,0,1,male,,2,0,35.64,S,E98,PC 86531
799,0,2,male,54.90648527381255,0,2,102.13,S,,PC 43167
800,0,2,male,30.203986910073017,2,2,24.69,C,,PC 34057
801,0,3,female,1.0,0,0,53.64,S,,PC 55064
802,0,1,female,27.6842039410153,0,2,63.9,S,,PC 34050
803,1,3,female,67.35305786351628,1,2,7.06,C,,PC 65857
804,1,3,female,,1,2,8.86,S,,PC 77290
805,1,1,male,17.64755478667976,0,1,21.3,S,,PC 46504
806,1,1,female,37.275491202027794,4,2,37.91,S,A78,PC 80509
807,1,1,female,18.611812051543637,1,3,56.17,S,,PC 48816
808,0,3,male,10.046694726343993,4,0,1.74,S,D54,PC 97317
809,0,1,female,24.122828914722987,4,2,61.0,S,,PC 33754
810,1,3,male,,4,2,57.82,Q,,PC 73425
811,0,3,female,,4,1,45.36,S,D35,PC 58180
812,1,3,female,12.911769932459098,0,1,7.75,S,,PC 94916
813,1,3,male,29.144697884552965,1,3,71.01,Q,,PC 29750
814,0,3,female,23.285575536154642,3,1,1.53,S,G63,PC 27707
815,1,1,male,34.52735779604527,2,2,1.71,S,,PC 88076
816,1,2,female,11.994643417680141,0,0,12.15,S,,PC 91097
817,0,2,female,38.99759247974621,2,3,3.93,S,,PC 77262
818,0,3,male,12.42737264115727,4,2,1.24,S,,PC 52739
819,1,3,female,51.99828022712682,4,3,32.73,Q,,PC 46924
820,1,3,male,4.97938401870357,1,2,66.08,C,,PC 69990
821,0,1,male,13.704240214632224,1,1,61.71,S,E77,PC 77249
822,1,3,male,34.84319124244561,1,1,40.09,S,,PC 34837
823,0,3,male,52.299265520966934,1,2,7.12,C,,PC 10629
824,1,3,male,,1,3,6.17,S,,PC 16619
825,1,3,male,36.88001088255348,1,0,111.51,C,,PC 41003
826,0,2,male,29.24551662342282,2,3,5.3,S,F42,PC 71353
827,1,2,male,14.630421642387294,0,3,170.94,S,,PC 49626
828,1,3,female,22.13806312464869,1,0,90.46,C,,PC 65653
829,1,1,male,12.033263920262126,1,0,20.86,S,A16,PC 52281
830,0,2,female,,0,2,20.87,S,E3,PC 32649
831,0,1,male,34.62448487047645,4,3,8.63,C,G124,PC 77385
832,0,1,male,13.275508250768535,3,1,22.3,S,,PC 75109
833,0,3,male,33.47375609412706,4,2,3.62,S,,PC 96651
834,0,3,male,10.774481468904632,2,3,23.19,S,,PC 84310
835,1,2,male,33.149362281634566,0,1,71.07,S,,PC 44199
836,1,2,male,22.158444034518524,4,0,21.41,S,G83,PC 73426
837,1,2,male,48.692617471109024,2,3,5.05,S,,PC 41553
838,0,3,male,33.53206453810691,3,1,14.25,S,,PC 88553
839,0,3,male,46.300960501917984,1,1,42.55,C,F104,PC 64945
840,1,3,male,,2,1,10.77,S,D125,PC 85116
841,0,2,female,29.786006763418342,2,2,19.98,S,,PC 35312
842,1,2,male,15.264779786372102,1,1,8.93,S,A141,PC 11342
843,1,3,female,,2,2,15.82,C,,PC 22721
844,0,3,female,25.330540881575192,3,2,6.33,S,,PC 57822
845,0,3,female,18.83798491038005,0,0,89.42,C,,PC 96537
846,0,3,female,11.98295997616027,0,1,30.34,S,G120,PC 66433
847,0,3,male,9.210757468862859,4,0,20.66,S,D18,PC 82856
848,0,2,male,1.0,2,0,128.75,Q,,PC 52231
849,1,2,male,14.21114951095159,4,3,67.84,C,,PC 96264
850,1,2,female,37.78491455340583,3,2,4.01,S,,PC 94685
851,1,1,male,6.621020551814038,3,2,55.46,S,,PC 29604
852,1,1,male,9.84628015245373,4,3,37.46,S,E139,PC 87594
853,1,3,female,54.07257999726081,3,2,58.57,S,,PC 11602
854,0,2,male,,1,3,13.71,C,B61,PC 63332
855,0,1,male,33.4946441283077,2,2,20.89,C,,PC 49353
856,1,3,female,37.99244005100692,1,1,56.6,S,,PC 37118
857,0,3,male,38.27536581693792,1,2,50.48,S,,PC 94023
858,0,2,male,7.6876007714871655,3,1,27.42,S,D91,PC 69608
859,1,3,female,25.765164481407137,0,3,51.78,S,,PC 22449
860,1,3,male,6.344818226742511,3,0,3.2,C,,PC 22533
861,1,3,male,63.24845002474453,2,3,36.72,S,,PC 20546
862,1,3,male,6.6717463037816,1,3,0.28,S,C24,PC 37362
863,0,1,female,14.330236935822517,0,0,2.61,S,F22,PC 16205
864,1,3,male,14.431588032218935,3,2,1.5,Q,G137,PC 33777
865,1,2,female,8.046753325879674,4,3,90.26,S,,PC 78850
866,1,3,female,47.93631473659163,3,2,60.64,S,F83,PC 88630
867,1,3,male,62.914270615168945,2,1,34.43,S,,PC 80732
868,1,1,male,,3,3,25.44,S,,PC 54644
869,0,1,male,,2,2,5.05,S,,PC 72583
870,0,3,female,1.0,1,0,4.28,S,,PC 94952
871,0,3,male,25.58247794069058,1,0,39.59,S,E128,PC 14796
872,0,1,male,,1,2,56.88,S,A116,PC 91410
873,0,3,male,19.881854230957977,4,1,54.58,C,,PC 75095
874,0,3,female,,3,0,115.58,S,,PC 44775
875,1,3,male,34.53242399941681,0,3,21.07,S,C132,PC 50376
876,1,3,female,33.52316561113061,4,0,5.45,S,G90,PC 49468
877,1,1,male,24.574251792441178,0,0,4.31,C,E60,PC 24210
878,1,3,female,13.577294385960332,2,1,6.43,C,,PC 30728
879,1,2,male,38.32166336929402,0,0,109.52,C,,PC 36561
880,1,3,male,29.175192631901428,1,1,3.74,S,A42,PC 10523
881,0,2,female,,3,3,26.22,S,,PC 55102
882,1,3,female,40.06105769261124,4,3,97.58,S,,PC 52887
883,0,2,male,9.095331033340383,4,3,21.03,S,,PC 39668
884,0,1,male,8.920889095593555,4,1,4.23,S,,PC 25878
885,1,3,male,18.4224299376326,1,0,39.2,S,,PC 97276
886,1,3,male,14.212284283930648,0,3,5.47,S,E142,PC 71064
887,0,3,male,39.57352486366541,4,1,70.23,S,,PC 52726
888,0,3,female,33.91833546383085,4,2,2.01,S,,PC 75039
889,0,3,male,,1,0,23.99,S,,PC 43493
890,0,3,female,34.55081544375285,0,2,44.77,C,C43,PC 29397
891,0,1,male,31.921094146227166,3,2,5.57,S,,PC 70584
